[2026-03-17T15:35:02.0254333Z] [Debug] Continuous profiling configuration: Thread sampling enabled: False, thread sampling interval: 0, allocation sampling enabled: False, max memory samples per minute: 0, export interval: 00:00:00, export timeout: 00:00:00, continuous profiler exporter: System.Object 
[2026-03-17T15:35:02.0522890Z] [Debug] EventSource=OpenTelemetry-AutoInstrumentation, Message=Continuous profiling configuration: Thread sampling enabled: False, thread sampling interval: 0, allocation sampling enabled: False, max memory samples per minute: 0, export interval: 00:00:00, export timeout: 00:00:00, continuous profiler exporter: System.Object 
[2026-03-17T15:35:02.2770864Z] [Debug] Starting 'AspNetDirectInitializerForTraces' initializer 
[2026-03-17T15:35:02.2770864Z] [Debug] EventSource=OpenTelemetry-AutoInstrumentation, Message=Starting 'AspNetDirectInitializerForTraces' initializer 
[2026-03-17T15:35:02.3083432Z] [Debug] EventSource=OpenTelemetry-AutoInstrumentation-Loader, Message=Check assembly OpenTelemetry.Instrumentation.AspNet 
[2026-03-17T15:35:02.3083432Z] [Debug] EventSource=OpenTelemetry-AutoInstrumentation-Loader, Message=Requester [<null>] requested [OpenTelemetry.Instrumentation.AspNet] 
[2026-03-17T15:35:02.3083432Z] [Debug] EventSource=OpenTelemetry-AutoInstrumentation-Loader, Message=Assembly.LoadFrom("C:\Program Files\OpenTelemetry .NET AutoInstrumentation\netfx\OpenTelemetry.Instrumentation.AspNet.dll") succeeded=True 
[2026-03-17T15:35:02.3083432Z] [Debug] EventSource=OpenTelemetry-AutoInstrumentation-Loader, Message=Check assembly OpenTelemetry.Instrumentation.AspNet 
[2026-03-17T15:35:02.3083432Z] [Debug] EventSource=OpenTelemetry-AutoInstrumentation-Loader, Message=Requester [<null>] requested [OpenTelemetry.Instrumentation.AspNet] 
[2026-03-17T15:35:02.3083432Z] [Debug] EventSource=OpenTelemetry-AutoInstrumentation-Loader, Message=Assembly.LoadFrom("C:\Program Files\OpenTelemetry .NET AutoInstrumentation\netfx\OpenTelemetry.Instrumentation.AspNet.dll") succeeded=True 
[2026-03-17T15:35:02.3411395Z] [Debug] Initializer 'AspNetDirectInitializerForTraces' completed 
[2026-03-17T15:35:02.3411395Z] [Debug] EventSource=OpenTelemetry-AutoInstrumentation, Message=Initializer 'AspNetDirectInitializerForTraces' completed 
[2026-03-17T15:35:02.4308924Z] [Debug] EventSource=OpenTelemetry-Sdk, Message=TracerProviderSdk event: 'Building TracerProvider.' 
[2026-03-17T15:35:02.4566827Z] [Debug] Starting 'HttpClientInitializerForSystemNetHttp' initializer 
[2026-03-17T15:35:02.4566827Z] [Debug] EventSource=OpenTelemetry-AutoInstrumentation, Message=Starting 'HttpClientInitializerForSystemNetHttp' initializer 
[2026-03-17T15:35:02.4566827Z] [Debug] EventSource=OpenTelemetry-AutoInstrumentation-Loader, Message=Check assembly OpenTelemetry.Instrumentation.Http 
[2026-03-17T15:35:02.4566827Z] [Debug] EventSource=OpenTelemetry-AutoInstrumentation-Loader, Message=Requester [<null>] requested [OpenTelemetry.Instrumentation.Http] 
[2026-03-17T15:35:02.4566827Z] [Debug] EventSource=OpenTelemetry-AutoInstrumentation-Loader, Message=Assembly.LoadFrom("C:\Program Files\OpenTelemetry .NET AutoInstrumentation\netfx\OpenTelemetry.Instrumentation.Http.dll") succeeded=True 
[2026-03-17T15:35:02.4566827Z] [Debug] EventSource=OpenTelemetry-AutoInstrumentation-Loader, Message=Check assembly OpenTelemetry.Instrumentation.Http 
[2026-03-17T15:35:02.4566827Z] [Debug] EventSource=OpenTelemetry-AutoInstrumentation-Loader, Message=Requester [<null>] requested [OpenTelemetry.Instrumentation.Http] 
[2026-03-17T15:35:02.4566827Z] [Debug] EventSource=OpenTelemetry-AutoInstrumentation-Loader, Message=Assembly.LoadFrom("C:\Program Files\OpenTelemetry .NET AutoInstrumentation\netfx\OpenTelemetry.Instrumentation.Http.dll") succeeded=True 
[2026-03-17T15:35:02.4879423Z] [Debug] Initializer 'HttpClientInitializerForSystemNetHttp' completed 
[2026-03-17T15:35:02.4879423Z] [Debug] EventSource=OpenTelemetry-AutoInstrumentation, Message=Initializer 'HttpClientInitializerForSystemNetHttp' completed 
[2026-03-17T15:35:02.5191471Z] [Debug] EventSource=OpenTelemetry-AutoInstrumentation-Loader, Message=Check assembly Microsoft.Extensions.Http 
[2026-03-17T15:35:02.5191471Z] [Debug] EventSource=OpenTelemetry-AutoInstrumentation-Loader, Message=Requester [<null>] requested [Microsoft.Extensions.Http] 
[2026-03-17T15:35:02.5191471Z] [Debug] EventSource=OpenTelemetry-AutoInstrumentation-Loader, Message=Check assembly Microsoft.Extensions.Http 
[2026-03-17T15:35:02.5191471Z] [Debug] EventSource=OpenTelemetry-AutoInstrumentation-Loader, Message=Requester [<null>] requested [Microsoft.Extensions.Http] 
[2026-03-17T15:35:02.5928433Z] [Debug] EventSource=OpenTelemetry-Sdk, Message=TracerProviderSdk event: 'Sampler added = "OpenTelemetry.Trace.ParentBasedSampler".' 
[2026-03-17T15:35:02.5928433Z] [Debug] EventSource=OpenTelemetry-Sdk, Message=TracerProviderSdk event: 'Processors added = "OpenTelemetry.BatchActivityExportProcessor".' 
[2026-03-17T15:35:02.6488909Z] [Debug] EventSource=OpenTelemetry-Sdk, Message=TracerProviderSdk event: 'TracerProvider built successfully.' 
[2026-03-17T15:35:02.6498897Z] [Information] OpenTelemetry tracer initialized. 
[2026-03-17T15:35:02.6498897Z] [Information] EventSource=OpenTelemetry-AutoInstrumentation, Message=OpenTelemetry tracer initialized. 
[2026-03-17T15:35:02.6610309Z] [Debug] Starting 'AspNetDirectInitializerForMetrics' initializer 
[2026-03-17T15:35:02.6610309Z] [Debug] EventSource=OpenTelemetry-AutoInstrumentation, Message=Starting 'AspNetDirectInitializerForMetrics' initializer 
[2026-03-17T15:35:02.6676911Z] [Debug] Initializer 'AspNetDirectInitializerForMetrics' completed 
[2026-03-17T15:35:02.6676911Z] [Debug] EventSource=OpenTelemetry-AutoInstrumentation, Message=Initializer 'AspNetDirectInitializerForMetrics' completed 
[2026-03-17T15:35:02.6686824Z] [Debug] Starting 'HttpClientMetricsInitializer' initializer 
[2026-03-17T15:35:02.6686824Z] [Debug] EventSource=OpenTelemetry-AutoInstrumentation, Message=Starting 'HttpClientMetricsInitializer' initializer 
[2026-03-17T15:35:02.6726983Z] [Debug] Initializer 'HttpClientMetricsInitializer' completed 
[2026-03-17T15:35:02.6726983Z] [Debug] EventSource=OpenTelemetry-AutoInstrumentation, Message=Initializer 'HttpClientMetricsInitializer' completed 
[2026-03-17T15:35:02.6914812Z] [Debug] EventSource=OpenTelemetry-Sdk, Message=MeterProviderSdk event: 'Building MeterProvider.' 
[2026-03-17T15:35:02.7071117Z] [Debug] EventSource=OpenTelemetry-AutoInstrumentation-Loader, Message=Check assembly Microsoft.Extensions.Http 
[2026-03-17T15:35:02.7071117Z] [Debug] EventSource=OpenTelemetry-AutoInstrumentation-Loader, Message=Requester [<null>] requested [Microsoft.Extensions.Http] 
[2026-03-17T15:35:02.7071117Z] [Debug] EventSource=OpenTelemetry-AutoInstrumentation-Loader, Message=Check assembly Microsoft.Extensions.Http 
[2026-03-17T15:35:02.7071117Z] [Debug] EventSource=OpenTelemetry-AutoInstrumentation-Loader, Message=Requester [<null>] requested [Microsoft.Extensions.Http] 
[2026-03-17T15:35:02.7227297Z] [Debug] EventSource=OpenTelemetry-Sdk, Message=MeterProviderSdk event: 'MeterProvider configuration: {MetricLimit=1000, CardinalityLimit=2000, ExemplarFilter=, ExemplarFilterForHistograms=}.' 
[2026-03-17T15:35:02.7227297Z] [Debug] EventSource=OpenTelemetry-Sdk, Message=MeterProviderSdk event: 'Exporters added = "OpenTelemetry.Exporter.OtlpMetricExporter (Paired with PeriodicExportingMetricReader exporting at 60000 milliseconds intervals.)".' 
[2026-03-17T15:35:02.7227297Z] [Debug] EventSource=OpenTelemetry-Sdk, Message=MeterProviderSdk event: 'Instrumentations added = "RuntimeMetrics;ProcessMetrics".' 
[2026-03-17T15:35:02.7227297Z] [Debug] EventSource=OpenTelemetry-Sdk, Message=MeterProviderSdk event: 'Listening to following meters = "OpenTelemetry.Instrumentation.AspNet;OpenTelemetry.Instrumentation.Http;OpenTelemetry.Instrumentation.Runtime;OpenTelemetry.Instrumentation.Process;NServiceBus.Core;OpenTelemetry.Instrumentation.SqlClient".' 
[2026-03-17T15:35:02.7227297Z] [Debug] EventSource=OpenTelemetry-Sdk, Message=MeterProviderSdk event: 'Number of views configured = 0.' 
[2026-03-17T15:35:02.7227297Z] [Debug] EventSource=OpenTelemetry-Sdk, Message=MeterProviderSdk event: 'Started publishing Instrument = "http.server.request.duration" of Meter = "OpenTelemetry.Instrumentation.AspNet".' 
[2026-03-17T15:35:02.7582277Z] [Debug] EventSource=OpenTelemetry-Sdk, Message=MeterProviderSdk event: 'Measurements for Instrument = "http.server.request.duration" of Meter = "OpenTelemetry.Instrumentation.AspNet" will be processed and aggregated by the SDK.' 
[2026-03-17T15:35:02.7621992Z] [Debug] EventSource=OpenTelemetry-Sdk, Message=MeterProviderSdk event: 'Started publishing Instrument = "http.client.request.duration" of Meter = "OpenTelemetry.Instrumentation.Http".' 
[2026-03-17T15:35:02.7621992Z] [Debug] EventSource=OpenTelemetry-Sdk, Message=MeterProviderSdk event: 'Measurements for Instrument = "http.client.request.duration" of Meter = "OpenTelemetry.Instrumentation.Http" will be processed and aggregated by the SDK.' 
[2026-03-17T15:35:02.7621992Z] [Debug] EventSource=OpenTelemetry-Sdk, Message=MeterProviderSdk event: 'Started publishing Instrument = "process.runtime.dotnet.gc.collections.count" of Meter = "OpenTelemetry.Instrumentation.Runtime".' 
[2026-03-17T15:35:02.7644039Z] [Debug] EventSource=OpenTelemetry-Sdk, Message=MeterProviderSdk event: 'Measurements for Instrument = "process.runtime.dotnet.gc.collections.count" of Meter = "OpenTelemetry.Instrumentation.Runtime" will be processed and aggregated by the SDK.' 
[2026-03-17T15:35:02.7644039Z] [Debug] EventSource=OpenTelemetry-Sdk, Message=MeterProviderSdk event: 'Started publishing Instrument = "process.runtime.dotnet.gc.objects.size" of Meter = "OpenTelemetry.Instrumentation.Runtime".' 
[2026-03-17T15:35:02.7644039Z] [Debug] EventSource=OpenTelemetry-Sdk, Message=MeterProviderSdk event: 'Measurements for Instrument = "process.runtime.dotnet.gc.objects.size" of Meter = "OpenTelemetry.Instrumentation.Runtime" will be processed and aggregated by the SDK.' 
[2026-03-17T15:35:02.7644039Z] [Debug] EventSource=OpenTelemetry-Sdk, Message=MeterProviderSdk event: 'Started publishing Instrument = "process.runtime.dotnet.assemblies.count" of Meter = "OpenTelemetry.Instrumentation.Runtime".' 
[2026-03-17T15:35:02.7644039Z] [Debug] EventSource=OpenTelemetry-Sdk, Message=MeterProviderSdk event: 'Measurements for Instrument = "process.runtime.dotnet.assemblies.count" of Meter = "OpenTelemetry.Instrumentation.Runtime" will be processed and aggregated by the SDK.' 
[2026-03-17T15:35:02.7644039Z] [Debug] EventSource=OpenTelemetry-Sdk, Message=MeterProviderSdk event: 'Started publishing Instrument = "process.runtime.dotnet.exceptions.count" of Meter = "OpenTelemetry.Instrumentation.Runtime".' 
[2026-03-17T15:35:02.7644039Z] [Debug] EventSource=OpenTelemetry-Sdk, Message=MeterProviderSdk event: 'Measurements for Instrument = "process.runtime.dotnet.exceptions.count" of Meter = "OpenTelemetry.Instrumentation.Runtime" will be processed and aggregated by the SDK.' 
[2026-03-17T15:35:02.7644039Z] [Debug] EventSource=OpenTelemetry-Sdk, Message=MeterProviderSdk event: 'Started publishing Instrument = "process.memory.usage" of Meter = "OpenTelemetry.Instrumentation.Process".' 
[2026-03-17T15:35:02.7644039Z] [Debug] EventSource=OpenTelemetry-Sdk, Message=MeterProviderSdk event: 'Measurements for Instrument = "process.memory.usage" of Meter = "OpenTelemetry.Instrumentation.Process" will be processed and aggregated by the SDK.' 
[2026-03-17T15:35:02.7644039Z] [Debug] EventSource=OpenTelemetry-Sdk, Message=MeterProviderSdk event: 'Started publishing Instrument = "process.memory.virtual" of Meter = "OpenTelemetry.Instrumentation.Process".' 
[2026-03-17T15:35:02.7644039Z] [Debug] EventSource=OpenTelemetry-Sdk, Message=MeterProviderSdk event: 'Measurements for Instrument = "process.memory.virtual" of Meter = "OpenTelemetry.Instrumentation.Process" will be processed and aggregated by the SDK.' 
[2026-03-17T15:35:02.7644039Z] [Debug] EventSource=OpenTelemetry-Sdk, Message=MeterProviderSdk event: 'Started publishing Instrument = "process.cpu.time" of Meter = "OpenTelemetry.Instrumentation.Process".' 
[2026-03-17T15:35:02.7644039Z] [Debug] EventSource=OpenTelemetry-Sdk, Message=MeterProviderSdk event: 'Measurements for Instrument = "process.cpu.time" of Meter = "OpenTelemetry.Instrumentation.Process" will be processed and aggregated by the SDK.' 
[2026-03-17T15:35:02.7644039Z] [Debug] EventSource=OpenTelemetry-Sdk, Message=MeterProviderSdk event: 'Started publishing Instrument = "process.cpu.count" of Meter = "OpenTelemetry.Instrumentation.Process".' 
[2026-03-17T15:35:02.7644039Z] [Debug] EventSource=OpenTelemetry-Sdk, Message=MeterProviderSdk event: 'Measurements for Instrument = "process.cpu.count" of Meter = "OpenTelemetry.Instrumentation.Process" will be processed and aggregated by the SDK.' 
[2026-03-17T15:35:02.7644039Z] [Debug] EventSource=OpenTelemetry-Sdk, Message=MeterProviderSdk event: 'Started publishing Instrument = "process.thread.count" of Meter = "OpenTelemetry.Instrumentation.Process".' 
[2026-03-17T15:35:02.7644039Z] [Debug] EventSource=OpenTelemetry-Sdk, Message=MeterProviderSdk event: 'Measurements for Instrument = "process.thread.count" of Meter = "OpenTelemetry.Instrumentation.Process" will be processed and aggregated by the SDK.' 
[2026-03-17T15:35:02.7644039Z] [Debug] EventSource=OpenTelemetry-Sdk, Message=MeterProviderSdk event: 'MeterProvider built successfully.' 
[2026-03-17T15:35:02.7644039Z] [Information] OpenTelemetry meter initialized. 
[2026-03-17T15:35:02.7644039Z] [Information] EventSource=OpenTelemetry-AutoInstrumentation, Message=OpenTelemetry meter initialized. 
[2026-03-17T15:35:02.7956752Z] [Debug] Sending CallTarget direct integration definitions to native library. 
[2026-03-17T15:35:02.7956752Z] [Debug] EventSource=OpenTelemetry-AutoInstrumentation, Message=Sending CallTarget direct integration definitions to native library. 
[2026-03-17T15:35:02.7956752Z] [Information] The profiler has been initialized with 50 direct definitions for FFAFA5168C4F4718B40CA8788875C2DA. 
[2026-03-17T15:35:02.7956752Z] [Information] EventSource=OpenTelemetry-AutoInstrumentation, Message=The profiler has been initialized with 50 direct definitions for FFAFA5168C4F4718B40CA8788875C2DA. 
[2026-03-17T15:35:02.7956752Z] [Debug] Sending CallTarget derived integration definitions to native library. 
[2026-03-17T15:35:02.7956752Z] [Debug] EventSource=OpenTelemetry-AutoInstrumentation, Message=Sending CallTarget derived integration definitions to native library. 
[2026-03-17T15:35:02.7956752Z] [Information] The profiler has been initialized with 4 derived definitions for 61BF627FA9B5477F85595A9F0D68B29C. 
[2026-03-17T15:35:02.7956752Z] [Information] EventSource=OpenTelemetry-AutoInstrumentation, Message=The profiler has been initialized with 4 derived definitions for 61BF627FA9B5477F85595A9F0D68B29C. 
[2026-03-17T15:35:02.8112881Z] [Debug] Creating BeginMethod Dynamic Method for 'OpenTelemetry.AutoInstrumentation.Instrumentations.AspNet.HttpModuleIntegration' integration. [Target=System.Web.Compilation.BuildManager] 
[2026-03-17T15:35:02.8112881Z] [Debug] EventSource=OpenTelemetry-AutoInstrumentation, Message=Creating BeginMethod Dynamic Method for 'OpenTelemetry.AutoInstrumentation.Instrumentations.AspNet.HttpModuleIntegration' integration. [Target=System.Web.Compilation.BuildManager] 
[2026-03-17T15:35:02.8112881Z] [Debug] Created BeginMethod Dynamic Method for 'OpenTelemetry.AutoInstrumentation.Instrumentations.AspNet.HttpModuleIntegration' integration. [Target=System.Web.Compilation.BuildManager] 
[2026-03-17T15:35:02.8112881Z] [Debug] EventSource=OpenTelemetry-AutoInstrumentation, Message=Created BeginMethod Dynamic Method for 'OpenTelemetry.AutoInstrumentation.Instrumentations.AspNet.HttpModuleIntegration' integration. [Target=System.Web.Compilation.BuildManager] 
[2026-03-17T15:35:02.8268927Z] [Debug] Creating EndMethod Dynamic Method for 'OpenTelemetry.AutoInstrumentation.Instrumentations.AspNet.HttpModuleIntegration' integration. [Target=System.Web.Compilation.BuildManager] 
[2026-03-17T15:35:02.8268927Z] [Debug] EventSource=OpenTelemetry-AutoInstrumentation, Message=Creating EndMethod Dynamic Method for 'OpenTelemetry.AutoInstrumentation.Instrumentations.AspNet.HttpModuleIntegration' integration. [Target=System.Web.Compilation.BuildManager] 
[2026-03-17T15:35:02.8716506Z] [Debug] Starting 'SqlClientTracerInitializerForSystemData' initializer 
[2026-03-17T15:35:02.8716506Z] [Debug] EventSource=OpenTelemetry-AutoInstrumentation, Message=Starting 'SqlClientTracerInitializerForSystemData' initializer 
[2026-03-17T15:35:02.8748907Z] [Debug] EventSource=OpenTelemetry-AutoInstrumentation-Loader, Message=Check assembly OpenTelemetry.Instrumentation.SqlClient 
[2026-03-17T15:35:02.8748907Z] [Debug] EventSource=OpenTelemetry-AutoInstrumentation-Loader, Message=Requester [<null>] requested [OpenTelemetry.Instrumentation.SqlClient] 
[2026-03-17T15:35:02.8748907Z] [Debug] EventSource=OpenTelemetry-AutoInstrumentation-Loader, Message=Assembly.LoadFrom("C:\Program Files\OpenTelemetry .NET AutoInstrumentation\netfx\OpenTelemetry.Instrumentation.SqlClient.dll") succeeded=True 
[2026-03-17T15:35:02.8748907Z] [Debug] EventSource=OpenTelemetry-AutoInstrumentation-Loader, Message=Check assembly OpenTelemetry.Instrumentation.SqlClient 
[2026-03-17T15:35:02.8748907Z] [Debug] EventSource=OpenTelemetry-AutoInstrumentation-Loader, Message=Requester [<null>] requested [OpenTelemetry.Instrumentation.SqlClient] 
[2026-03-17T15:35:02.8748907Z] [Debug] EventSource=OpenTelemetry-AutoInstrumentation-Loader, Message=Assembly.LoadFrom("C:\Program Files\OpenTelemetry .NET AutoInstrumentation\netfx\OpenTelemetry.Instrumentation.SqlClient.dll") succeeded=True 
[2026-03-17T15:35:02.8748907Z] [Debug] Initializer 'SqlClientTracerInitializerForSystemData' completed 
[2026-03-17T15:35:02.8748907Z] [Debug] EventSource=OpenTelemetry-AutoInstrumentation, Message=Initializer 'SqlClientTracerInitializerForSystemData' completed 
[2026-03-17T15:35:02.8748907Z] [Debug] Starting 'SqlClientMetricsInitializerForSystemData' initializer 
[2026-03-17T15:35:02.8748907Z] [Debug] EventSource=OpenTelemetry-AutoInstrumentation, Message=Starting 'SqlClientMetricsInitializerForSystemData' initializer 
[2026-03-17T15:35:02.8748907Z] [Debug] Initializer 'SqlClientMetricsInitializerForSystemData' completed 
[2026-03-17T15:35:02.8748907Z] [Debug] EventSource=OpenTelemetry-AutoInstrumentation, Message=Initializer 'SqlClientMetricsInitializerForSystemData' completed 
[2026-03-17T15:35:04.5989978Z] [Debug] Creating BeginMethod Dynamic Method for 'OpenTelemetry.AutoInstrumentation.Instrumentations.Log4Net.TraceContextInjection.Integrations.AppenderAttachedImplIntegration' integration. [Target=log4net.Util.AppenderAttachedImpl] 
[2026-03-17T15:35:04.5989978Z] [Debug] EventSource=OpenTelemetry-AutoInstrumentation, Message=Creating BeginMethod Dynamic Method for 'OpenTelemetry.AutoInstrumentation.Instrumentations.Log4Net.TraceContextInjection.Integrations.AppenderAttachedImplIntegration' integration. [Target=log4net.Util.AppenderAttachedImpl] 
[2026-03-17T15:35:04.6880351Z] [Debug] Created BeginMethod Dynamic Method for 'OpenTelemetry.AutoInstrumentation.Instrumentations.Log4Net.TraceContextInjection.Integrations.AppenderAttachedImplIntegration' integration. [Target=log4net.Util.AppenderAttachedImpl] 
[2026-03-17T15:35:04.6880351Z] [Debug] EventSource=OpenTelemetry-AutoInstrumentation, Message=Created BeginMethod Dynamic Method for 'OpenTelemetry.AutoInstrumentation.Instrumentations.Log4Net.TraceContextInjection.Integrations.AppenderAttachedImplIntegration' integration. [Target=log4net.Util.AppenderAttachedImpl] 
[2026-03-17T15:35:04.6880351Z] [Debug] Creating BeginMethod Dynamic Method for 'OpenTelemetry.AutoInstrumentation.Instrumentations.Log4Net.Bridge.Integrations.AppenderCollectionIntegration' integration. [Target=log4net.Appender.AppenderCollection] 
[2026-03-17T15:35:04.6880351Z] [Debug] EventSource=OpenTelemetry-AutoInstrumentation, Message=Creating BeginMethod Dynamic Method for 'OpenTelemetry.AutoInstrumentation.Instrumentations.Log4Net.Bridge.Integrations.AppenderCollectionIntegration' integration. [Target=log4net.Appender.AppenderCollection] 
[2026-03-17T15:35:04.6880351Z] [Debug] 'OnMethodBegin' method was not found in integration type: 'OpenTelemetry.AutoInstrumentation.Instrumentations.Log4Net.Bridge.Integrations.AppenderCollectionIntegration'. 
[2026-03-17T15:35:04.6880351Z] [Debug] EventSource=OpenTelemetry-AutoInstrumentation, Message='OnMethodBegin' method was not found in integration type: 'OpenTelemetry.AutoInstrumentation.Instrumentations.Log4Net.Bridge.Integrations.AppenderCollectionIntegration'. 
[2026-03-17T15:35:04.6880351Z] [Debug] Creating EndMethod Dynamic Method for 'OpenTelemetry.AutoInstrumentation.Instrumentations.Log4Net.Bridge.Integrations.AppenderCollectionIntegration' integration. [Target=log4net.Appender.AppenderCollection, ReturnType=log4net.Appender.IAppender[]] 
[2026-03-17T15:35:04.6880351Z] [Debug] EventSource=OpenTelemetry-AutoInstrumentation, Message=Creating EndMethod Dynamic Method for 'OpenTelemetry.AutoInstrumentation.Instrumentations.Log4Net.Bridge.Integrations.AppenderCollectionIntegration' integration. [Target=log4net.Appender.AppenderCollection, ReturnType=log4net.Appender.IAppender[]] 
[2026-03-17T15:35:04.6880351Z] [Debug] Created EndMethod Dynamic Method for 'OpenTelemetry.AutoInstrumentation.Instrumentations.Log4Net.Bridge.Integrations.AppenderCollectionIntegration' integration. [Target=log4net.Appender.AppenderCollection, ReturnType=log4net.Appender.IAppender[]] 
[2026-03-17T15:35:04.6880351Z] [Debug] EventSource=OpenTelemetry-AutoInstrumentation, Message=Created EndMethod Dynamic Method for 'OpenTelemetry.AutoInstrumentation.Instrumentations.Log4Net.Bridge.Integrations.AppenderCollectionIntegration' integration. [Target=log4net.Appender.AppenderCollection, ReturnType=log4net.Appender.IAppender[]] 
[2026-03-17T15:35:04.9558362Z] [Debug] Creating EndMethod Dynamic Method for 'OpenTelemetry.AutoInstrumentation.Instrumentations.Log4Net.TraceContextInjection.Integrations.AppenderAttachedImplIntegration' integration. [Target=log4net.Util.AppenderAttachedImpl, ReturnType=System.Int32] 
[2026-03-17T15:35:04.9558362Z] [Debug] EventSource=OpenTelemetry-AutoInstrumentation, Message=Creating EndMethod Dynamic Method for 'OpenTelemetry.AutoInstrumentation.Instrumentations.Log4Net.TraceContextInjection.Integrations.AppenderAttachedImplIntegration' integration. [Target=log4net.Util.AppenderAttachedImpl, ReturnType=System.Int32] 
[2026-03-17T15:35:05.2627456Z] [Debug] Creating BeginMethod Dynamic Method for 'OpenTelemetry.AutoInstrumentation.Instrumentations.StackExchangeRedis.StackExchangeRedisIntegration' integration. [Target=StackExchange.Redis.ConnectionMultiplexer] 
[2026-03-17T15:35:05.2627456Z] [Debug] EventSource=OpenTelemetry-AutoInstrumentation, Message=Creating BeginMethod Dynamic Method for 'OpenTelemetry.AutoInstrumentation.Instrumentations.StackExchangeRedis.StackExchangeRedisIntegration' integration. [Target=StackExchange.Redis.ConnectionMultiplexer] 
[2026-03-17T15:35:05.2627456Z] [Debug] 'OnMethodBegin' method was not found in integration type: 'OpenTelemetry.AutoInstrumentation.Instrumentations.StackExchangeRedis.StackExchangeRedisIntegration'. 
[2026-03-17T15:35:05.2627456Z] [Debug] EventSource=OpenTelemetry-AutoInstrumentation, Message='OnMethodBegin' method was not found in integration type: 'OpenTelemetry.AutoInstrumentation.Instrumentations.StackExchangeRedis.StackExchangeRedisIntegration'. 
[2026-03-17T15:35:05.4619747Z] [Debug] EventSource=OpenTelemetry-AutoInstrumentation-Loader, Message=Check assembly Microsoft.WindowsAzure.ServiceRuntime 
[2026-03-17T15:35:05.4619747Z] [Debug] EventSource=OpenTelemetry-AutoInstrumentation-Loader, Message=Requester [<null>] requested [Microsoft.WindowsAzure.ServiceRuntime] 
[2026-03-17T15:35:05.4629723Z] [Debug] EventSource=OpenTelemetry-AutoInstrumentation-Loader, Message=Check assembly Microsoft.WindowsAzure.ServiceRuntime 
[2026-03-17T15:35:05.4629723Z] [Debug] EventSource=OpenTelemetry-AutoInstrumentation-Loader, Message=Requester [<null>] requested [Microsoft.WindowsAzure.ServiceRuntime] 
[2026-03-17T15:35:05.4629723Z] [Debug] EventSource=OpenTelemetry-AutoInstrumentation-Loader, Message=Check assembly Microsoft.WindowsAzure.ServiceRuntime 
[2026-03-17T15:35:05.4629723Z] [Debug] EventSource=OpenTelemetry-AutoInstrumentation-Loader, Message=Requester [<null>] requested [Microsoft.WindowsAzure.ServiceRuntime] 
[2026-03-17T15:35:05.4629723Z] [Debug] EventSource=OpenTelemetry-AutoInstrumentation-Loader, Message=Check assembly Microsoft.WindowsAzure.ServiceRuntime 
[2026-03-17T15:35:05.4629723Z] [Debug] EventSource=OpenTelemetry-AutoInstrumentation-Loader, Message=Requester [<null>] requested [Microsoft.WindowsAzure.ServiceRuntime] 
[2026-03-17T15:35:05.6396003Z] [Debug] Creating EndMethod Dynamic Method for 'OpenTelemetry.AutoInstrumentation.Instrumentations.StackExchangeRedis.StackExchangeRedisIntegration' integration. [Target=StackExchange.Redis.ConnectionMultiplexer, ReturnType=StackExchange.Redis.ConnectionMultiplexer] 
[2026-03-17T15:35:05.6396003Z] [Debug] EventSource=OpenTelemetry-AutoInstrumentation, Message=Creating EndMethod Dynamic Method for 'OpenTelemetry.AutoInstrumentation.Instrumentations.StackExchangeRedis.StackExchangeRedisIntegration' integration. [Target=StackExchange.Redis.ConnectionMultiplexer, ReturnType=StackExchange.Redis.ConnectionMultiplexer] 
[2026-03-17T15:35:05.6396003Z] [Debug] Created EndMethod Dynamic Method for 'OpenTelemetry.AutoInstrumentation.Instrumentations.StackExchangeRedis.StackExchangeRedisIntegration' integration. [Target=StackExchange.Redis.ConnectionMultiplexer, ReturnType=StackExchange.Redis.ConnectionMultiplexer] 
[2026-03-17T15:35:05.6396003Z] [Debug] EventSource=OpenTelemetry-AutoInstrumentation, Message=Created EndMethod Dynamic Method for 'OpenTelemetry.AutoInstrumentation.Instrumentations.StackExchangeRedis.StackExchangeRedisIntegration' integration. [Target=StackExchange.Redis.ConnectionMultiplexer, ReturnType=StackExchange.Redis.ConnectionMultiplexer] 
[2026-03-17T15:35:05.6415892Z] [Debug] EventSource=OpenTelemetry-AutoInstrumentation-Loader, Message=Check assembly OpenTelemetry.Instrumentation.StackExchangeRedis 
[2026-03-17T15:35:05.6415892Z] [Debug] EventSource=OpenTelemetry-AutoInstrumentation-Loader, Message=Requester [<null>] requested [OpenTelemetry.Instrumentation.StackExchangeRedis] 
[2026-03-17T15:35:05.6445914Z] [Debug] EventSource=OpenTelemetry-AutoInstrumentation-Loader, Message=Assembly.LoadFrom("C:\Program Files\OpenTelemetry .NET AutoInstrumentation\netfx\OpenTelemetry.Instrumentation.StackExchangeRedis.dll") succeeded=True 
[2026-03-17T15:35:05.6445914Z] [Debug] EventSource=OpenTelemetry-AutoInstrumentation-Loader, Message=Check assembly OpenTelemetry.Instrumentation.StackExchangeRedis 
[2026-03-17T15:35:05.6445914Z] [Debug] EventSource=OpenTelemetry-AutoInstrumentation-Loader, Message=Requester [<null>] requested [OpenTelemetry.Instrumentation.StackExchangeRedis] 
[2026-03-17T15:35:05.6445914Z] [Debug] EventSource=OpenTelemetry-AutoInstrumentation-Loader, Message=Assembly.LoadFrom("C:\Program Files\OpenTelemetry .NET AutoInstrumentation\netfx\OpenTelemetry.Instrumentation.StackExchangeRedis.dll") succeeded=True 
[2026-03-17T15:35:06.0200193Z] [Debug] EventSource=OpenTelemetry-Sdk, Message=MeterProviderSdk event: 'Started publishing Instrument = "db.client.operation.duration" of Meter = "OpenTelemetry.Instrumentation.SqlClient".' 
[2026-03-17T15:35:06.0200193Z] [Debug] EventSource=OpenTelemetry-Sdk, Message=MeterProviderSdk event: 'Measurements for Instrument = "db.client.operation.duration" of Meter = "OpenTelemetry.Instrumentation.SqlClient" will be processed and aggregated by the SDK.' 
[2026-03-17T15:35:06.0449081Z] [Debug] EventSource=OpenTelemetry-Sdk, Message=Activity started. Name = 'AVAFX_General', Id = '00-70ed79655fe9599885359eca9533d62d-b0a81e806c8528b1-01'. 
[2026-03-17T15:35:06.1074513Z] [Debug] EventSource=OpenTelemetry-Sdk, Message=Activity stopped. Name = 'AVAFX_General', Id = '00-70ed79655fe9599885359eca9533d62d-b0a81e806c8528b1-01'. 
[2026-03-17T15:35:06.1764620Z] [Debug] EventSource=OpenTelemetry-Sdk, Message=Activity started. Name = 'AVAFX_General', Id = '00-5929ff915aac852d41428bf9ecf7c9fa-c5313bd81ac484b2-01'. 
[2026-03-17T15:35:06.1964524Z] [Debug] EventSource=OpenTelemetry-Sdk, Message=Activity stopped. Name = 'AVAFX_General', Id = '00-5929ff915aac852d41428bf9ecf7c9fa-c5313bd81ac484b2-01'. 
[2026-03-17T15:35:06.2729003Z] [Debug] EventSource=OpenTelemetry-Sdk, Message=Activity started. Name = 'AVAFX_General', Id = '00-df27bf86bc4e48cf1261e7fbb407f263-45e1a1a7b524c6db-01'. 
[2026-03-17T15:35:06.2729003Z] [Debug] EventSource=OpenTelemetry-Sdk, Message=Activity stopped. Name = 'AVAFX_General', Id = '00-df27bf86bc4e48cf1261e7fbb407f263-45e1a1a7b524c6db-01'. 
[2026-03-17T15:35:07.3538305Z] [Debug] EventSource=OpenTelemetry-Instrumentation-AspNet-Telemetry, Message=Callback='Application_BeginRequest' 
[2026-03-17T15:35:07.3548446Z] [Debug] EventSource=OpenTelemetry-Instrumentation-AspNet-Telemetry, Message=Callback='Application_BeginRequest' 
[2026-03-17T15:35:07.3768267Z] [Debug] EventSource=OpenTelemetry-Sdk, Message=Activity started. Name = 'GET', Id = '00-84dc4900e64d90278f3e02fd8960f711-3eb259cb60f8cdf1-01'. 
[2026-03-17T15:35:07.3768267Z] [Debug] EventSource=OpenTelemetry-Sdk, Message=Activity started. Name = 'GET', Id = '00-b8162d7ea44ac98a233d4c624dada147-25de7b4c6e68ac2c-01'. 
[2026-03-17T15:35:07.3868263Z] [Debug] EventSource=OpenTelemetry-Instrumentation-AspNet-Telemetry, Message=Activity started, Id='00-84dc4900e64d90278f3e02fd8960f711-3eb259cb60f8cdf1-01' 
[2026-03-17T15:35:07.3868263Z] [Debug] EventSource=OpenTelemetry-Instrumentation-AspNet-Telemetry, Message=Activity started, Id='00-b8162d7ea44ac98a233d4c624dada147-25de7b4c6e68ac2c-01' 
[2026-03-17T15:35:07.8289635Z] [Warning] EventSource=OpenTelemetry-Api, Message=Failed to inject activity context in format: 'TraceContextPropagator', context: 'Invalid context'. 
[2026-03-17T15:35:07.9750702Z] [Information] EventSource=OpenTelemetry-Exporter-OpenTelemetryProtocol, Message=Export succeeded for http://localhost:4318/v1/traces. Message: Export completed successfully. 
[2026-03-17T15:35:08.4441818Z] [Debug] EventSource=OpenTelemetry-Instrumentation-AspNet-Telemetry, Message=Callback='Application_EndRequest' 
[2026-03-17T15:35:08.4461684Z] [Debug] EventSource=OpenTelemetry-Instrumentation-AspNet-Telemetry, Message=Callback='Application_EndRequest' 
[2026-03-17T15:35:08.4502564Z] [Debug] EventSource=OpenTelemetry-Sdk, Message=Activity stopped. Name = 'GET', Id = '00-b8162d7ea44ac98a233d4c624dada147-25de7b4c6e68ac2c-01'. 
[2026-03-17T15:35:08.4502564Z] [Debug] EventSource=OpenTelemetry-Sdk, Message=Activity stopped. Name = 'GET', Id = '00-84dc4900e64d90278f3e02fd8960f711-3eb259cb60f8cdf1-01'. 
[2026-03-17T15:35:08.4502564Z] [Debug] EventSource=OpenTelemetry-Instrumentation-AspNet-Telemetry, Message=Activity stopped, Id='00-b8162d7ea44ac98a233d4c624dada147-25de7b4c6e68ac2c-01' 
[2026-03-17T15:35:08.4502564Z] [Debug] EventSource=OpenTelemetry-Instrumentation-AspNet-Telemetry, Message=Activity stopped, Id='00-84dc4900e64d90278f3e02fd8960f711-3eb259cb60f8cdf1-01' 
[2026-03-17T15:35:09.6665318Z] [Debug] EventSource=OpenTelemetry-Instrumentation-AspNet-Telemetry, Message=Callback='Application_BeginRequest' 
[2026-03-17T15:35:09.6665318Z] [Debug] EventSource=OpenTelemetry-Sdk, Message=Activity started. Name = 'GET', Id = '00-7ef3f1257022d0be5ee592d789321256-8b8450c875c156ff-01'. 
[2026-03-17T15:35:09.6665318Z] [Debug] EventSource=OpenTelemetry-Instrumentation-AspNet-Telemetry, Message=Activity started, Id='00-7ef3f1257022d0be5ee592d789321256-8b8450c875c156ff-01' 
[2026-03-17T15:35:09.6665318Z] [Debug] EventSource=OpenTelemetry-Instrumentation-AspNet-Telemetry, Message=Callback='Application_EndRequest' 
[2026-03-17T15:35:09.6665318Z] [Debug] EventSource=OpenTelemetry-Sdk, Message=Activity stopped. Name = 'GET', Id = '00-7ef3f1257022d0be5ee592d789321256-8b8450c875c156ff-01'. 
[2026-03-17T15:35:09.6665318Z] [Debug] EventSource=OpenTelemetry-Instrumentation-AspNet-Telemetry, Message=Activity stopped, Id='00-7ef3f1257022d0be5ee592d789321256-8b8450c875c156ff-01' 
[2026-03-17T15:35:11.0288394Z] [Debug] EventSource=OpenTelemetry-Instrumentation-AspNet-Telemetry, Message=Callback='Application_BeginRequest' 
[2026-03-17T15:35:11.0288394Z] [Debug] EventSource=OpenTelemetry-Sdk, Message=Activity started. Name = 'GET', Id = '00-3db718e59a416a7412fbac64a82e8182-aa1c1d1ada34c6ab-01'. 
[2026-03-17T15:35:11.0288394Z] [Debug] EventSource=OpenTelemetry-Instrumentation-AspNet-Telemetry, Message=Activity started, Id='00-3db718e59a416a7412fbac64a82e8182-aa1c1d1ada34c6ab-01' 
[2026-03-17T15:35:11.0288394Z] [Debug] EventSource=OpenTelemetry-Instrumentation-AspNet-Telemetry, Message=Callback='Application_EndRequest' 
[2026-03-17T15:35:11.0288394Z] [Debug] EventSource=OpenTelemetry-Sdk, Message=Activity stopped. Name = 'GET', Id = '00-3db718e59a416a7412fbac64a82e8182-aa1c1d1ada34c6ab-01'. 
[2026-03-17T15:35:11.0288394Z] [Debug] EventSource=OpenTelemetry-Instrumentation-AspNet-Telemetry, Message=Activity stopped, Id='00-3db718e59a416a7412fbac64a82e8182-aa1c1d1ada34c6ab-01' 
[2026-03-17T15:35:12.9814441Z] [Warning] EventSource=OpenTelemetry-Api, Message=Failed to inject activity context in format: 'TraceContextPropagator', context: 'Invalid context'. 
[2026-03-17T15:35:12.9881051Z] [Information] EventSource=OpenTelemetry-Exporter-OpenTelemetryProtocol, Message=Export succeeded for http://localhost:4318/v1/traces. Message: Export completed successfully. 
[2026-03-17T15:35:14.6539250Z] [Debug] EventSource=OpenTelemetry-Instrumentation-AspNet-Telemetry, Message=Callback='Application_BeginRequest' 
[2026-03-17T15:35:14.6539250Z] [Debug] EventSource=OpenTelemetry-Sdk, Message=Activity started. Name = 'GET', Id = '00-8036ef8c6bc6fbb280497ebc45456c6c-a608cf7b9ba3d750-01'. 
[2026-03-17T15:35:14.6539250Z] [Debug] EventSource=OpenTelemetry-Instrumentation-AspNet-Telemetry, Message=Activity started, Id='00-8036ef8c6bc6fbb280497ebc45456c6c-a608cf7b9ba3d750-01' 
[2026-03-17T15:35:14.6549155Z] [Debug] EventSource=OpenTelemetry-Instrumentation-AspNet-Telemetry, Message=Callback='Application_EndRequest' 
[2026-03-17T15:35:14.6549155Z] [Debug] EventSource=OpenTelemetry-Sdk, Message=Activity stopped. Name = 'GET', Id = '00-8036ef8c6bc6fbb280497ebc45456c6c-a608cf7b9ba3d750-01'. 
[2026-03-17T15:35:14.6549155Z] [Debug] EventSource=OpenTelemetry-Instrumentation-AspNet-Telemetry, Message=Activity stopped, Id='00-8036ef8c6bc6fbb280497ebc45456c6c-a608cf7b9ba3d750-01' 
[2026-03-17T15:35:15.6705454Z] [Debug] EventSource=OpenTelemetry-Sdk, Message=Activity started. Name = 'PSUBSCRIBE', Id = '00-acf502ad55540e4796ed3080dbc9357b-63718217c6320560-01'. 
[2026-03-17T15:35:15.6736626Z] [Debug] EventSource=OpenTelemetry-Sdk, Message=Activity stopped. Name = 'PSUBSCRIBE', Id = '00-acf502ad55540e4796ed3080dbc9357b-63718217c6320560-01'. 
[2026-03-17T15:35:16.0445576Z] [Debug] EventSource=OpenTelemetry-Instrumentation-AspNet-Telemetry, Message=Callback='Application_BeginRequest' 
[2026-03-17T15:35:16.0445576Z] [Debug] EventSource=OpenTelemetry-Sdk, Message=Activity started. Name = 'GET', Id = '00-d1991b98aeec04e27a52da97b8e15201-6ffb57ef91c27d31-01'. 
[2026-03-17T15:35:16.0445576Z] [Debug] EventSource=OpenTelemetry-Instrumentation-AspNet-Telemetry, Message=Activity started, Id='00-d1991b98aeec04e27a52da97b8e15201-6ffb57ef91c27d31-01' 
[2026-03-17T15:35:16.0445576Z] [Debug] EventSource=OpenTelemetry-Instrumentation-AspNet-Telemetry, Message=Callback='Application_EndRequest' 
[2026-03-17T15:35:16.0445576Z] [Debug] EventSource=OpenTelemetry-Sdk, Message=Activity stopped. Name = 'GET', Id = '00-d1991b98aeec04e27a52da97b8e15201-6ffb57ef91c27d31-01'. 
[2026-03-17T15:35:16.0445576Z] [Debug] EventSource=OpenTelemetry-Instrumentation-AspNet-Telemetry, Message=Activity stopped, Id='00-d1991b98aeec04e27a52da97b8e15201-6ffb57ef91c27d31-01' 
[2026-03-17T15:35:17.9971130Z] [Warning] EventSource=OpenTelemetry-Api, Message=Failed to inject activity context in format: 'TraceContextPropagator', context: 'Invalid context'. 
[2026-03-17T15:35:18.0060417Z] [Information] EventSource=OpenTelemetry-Exporter-OpenTelemetryProtocol, Message=Export succeeded for http://localhost:4318/v1/traces. Message: Export completed successfully. 
[2026-03-17T15:35:19.7064639Z] [Debug] EventSource=OpenTelemetry-Instrumentation-AspNet-Telemetry, Message=Callback='Application_BeginRequest' 
[2026-03-17T15:35:19.7064639Z] [Debug] EventSource=OpenTelemetry-Sdk, Message=Activity started. Name = 'GET', Id = '00-2d632ef421744f5cb204d416bc4be5a1-c155cee777ccc771-01'. 
[2026-03-17T15:35:19.7064639Z] [Debug] EventSource=OpenTelemetry-Instrumentation-AspNet-Telemetry, Message=Activity started, Id='00-2d632ef421744f5cb204d416bc4be5a1-c155cee777ccc771-01' 
[2026-03-17T15:35:19.7064639Z] [Debug] EventSource=OpenTelemetry-Instrumentation-AspNet-Telemetry, Message=Callback='Application_EndRequest' 
[2026-03-17T15:35:19.7064639Z] [Debug] EventSource=OpenTelemetry-Sdk, Message=Activity stopped. Name = 'GET', Id = '00-2d632ef421744f5cb204d416bc4be5a1-c155cee777ccc771-01'. 
[2026-03-17T15:35:19.7064639Z] [Debug] EventSource=OpenTelemetry-Instrumentation-AspNet-Telemetry, Message=Activity stopped, Id='00-2d632ef421744f5cb204d416bc4be5a1-c155cee777ccc771-01' 
[2026-03-17T15:35:20.9971791Z] [Debug] EventSource=OpenTelemetry-Instrumentation-AspNet-Telemetry, Message=Callback='Application_BeginRequest' 
[2026-03-17T15:35:20.9971791Z] [Debug] EventSource=OpenTelemetry-Sdk, Message=Activity started. Name = 'GET', Id = '00-8677be3e2af944d1171e8a723424b035-41360ee6a1860a95-01'. 
[2026-03-17T15:35:20.9971791Z] [Debug] EventSource=OpenTelemetry-Instrumentation-AspNet-Telemetry, Message=Activity started, Id='00-8677be3e2af944d1171e8a723424b035-41360ee6a1860a95-01' 
[2026-03-17T15:35:20.9971791Z] [Debug] EventSource=OpenTelemetry-Instrumentation-AspNet-Telemetry, Message=Callback='Application_EndRequest' 
[2026-03-17T15:35:20.9971791Z] [Debug] EventSource=OpenTelemetry-Sdk, Message=Activity stopped. Name = 'GET', Id = '00-8677be3e2af944d1171e8a723424b035-41360ee6a1860a95-01'. 
[2026-03-17T15:35:20.9971791Z] [Debug] EventSource=OpenTelemetry-Instrumentation-AspNet-Telemetry, Message=Activity stopped, Id='00-8677be3e2af944d1171e8a723424b035-41360ee6a1860a95-01' 
[2026-03-17T15:35:23.0131702Z] [Warning] EventSource=OpenTelemetry-Api, Message=Failed to inject activity context in format: 'TraceContextPropagator', context: 'Invalid context'. 
[2026-03-17T15:35:23.0144502Z] [Information] EventSource=OpenTelemetry-Exporter-OpenTelemetryProtocol, Message=Export succeeded for http://localhost:4318/v1/traces. Message: Export completed successfully. 
[2026-03-17T15:35:24.7179356Z] [Debug] EventSource=OpenTelemetry-Instrumentation-AspNet-Telemetry, Message=Callback='Application_BeginRequest' 
[2026-03-17T15:35:24.7179356Z] [Debug] EventSource=OpenTelemetry-Sdk, Message=Activity started. Name = 'GET', Id = '00-203f64cb9680fc77b4dedde6333a29bf-bb550d9baf82ae16-01'. 
[2026-03-17T15:35:24.7179356Z] [Debug] EventSource=OpenTelemetry-Instrumentation-AspNet-Telemetry, Message=Activity started, Id='00-203f64cb9680fc77b4dedde6333a29bf-bb550d9baf82ae16-01' 
[2026-03-17T15:35:24.7179356Z] [Debug] EventSource=OpenTelemetry-Instrumentation-AspNet-Telemetry, Message=Callback='Application_EndRequest' 
[2026-03-17T15:35:24.7179356Z] [Debug] EventSource=OpenTelemetry-Sdk, Message=Activity stopped. Name = 'GET', Id = '00-203f64cb9680fc77b4dedde6333a29bf-bb550d9baf82ae16-01'. 
[2026-03-17T15:35:24.7179356Z] [Debug] EventSource=OpenTelemetry-Instrumentation-AspNet-Telemetry, Message=Activity stopped, Id='00-203f64cb9680fc77b4dedde6333a29bf-bb550d9baf82ae16-01' 
[2026-03-17T15:35:26.0548190Z] [Debug] EventSource=OpenTelemetry-Instrumentation-AspNet-Telemetry, Message=Callback='Application_BeginRequest' 
[2026-03-17T15:35:26.0548190Z] [Debug] EventSource=OpenTelemetry-Sdk, Message=Activity started. Name = 'GET', Id = '00-810fe6130176e4ae664ab7e31c156a95-cad26c60af614488-01'. 
[2026-03-17T15:35:26.0548190Z] [Debug] EventSource=OpenTelemetry-Instrumentation-AspNet-Telemetry, Message=Activity started, Id='00-810fe6130176e4ae664ab7e31c156a95-cad26c60af614488-01' 
[2026-03-17T15:35:26.0548190Z] [Debug] EventSource=OpenTelemetry-Instrumentation-AspNet-Telemetry, Message=Callback='Application_EndRequest' 
[2026-03-17T15:35:26.0548190Z] [Debug] EventSource=OpenTelemetry-Sdk, Message=Activity stopped. Name = 'GET', Id = '00-810fe6130176e4ae664ab7e31c156a95-cad26c60af614488-01'. 
[2026-03-17T15:35:26.0548190Z] [Debug] EventSource=OpenTelemetry-Instrumentation-AspNet-Telemetry, Message=Activity stopped, Id='00-810fe6130176e4ae664ab7e31c156a95-cad26c60af614488-01' 
[2026-03-17T15:35:28.0190010Z] [Warning] EventSource=OpenTelemetry-Api, Message=Failed to inject activity context in format: 'TraceContextPropagator', context: 'Invalid context'. 
[2026-03-17T15:35:28.0213494Z] [Information] EventSource=OpenTelemetry-Exporter-OpenTelemetryProtocol, Message=Export succeeded for http://localhost:4318/v1/traces. Message: Export completed successfully. 
[2026-03-17T15:35:29.6662990Z] [Debug] EventSource=OpenTelemetry-Instrumentation-AspNet-Telemetry, Message=Callback='Application_BeginRequest' 
[2026-03-17T15:35:29.6662990Z] [Debug] EventSource=OpenTelemetry-Sdk, Message=Activity started. Name = 'GET', Id = '00-abfdc1270199e172782c30bd875823d4-b22b7673ea9c9105-01'. 
[2026-03-17T15:35:29.6662990Z] [Debug] EventSource=OpenTelemetry-Instrumentation-AspNet-Telemetry, Message=Activity started, Id='00-abfdc1270199e172782c30bd875823d4-b22b7673ea9c9105-01' 
[2026-03-17T15:35:29.6662990Z] [Debug] EventSource=OpenTelemetry-Instrumentation-AspNet-Telemetry, Message=Callback='Application_EndRequest' 
[2026-03-17T15:35:29.6662990Z] [Debug] EventSource=OpenTelemetry-Sdk, Message=Activity stopped. Name = 'GET', Id = '00-abfdc1270199e172782c30bd875823d4-b22b7673ea9c9105-01'. 
[2026-03-17T15:35:29.6662990Z] [Debug] EventSource=OpenTelemetry-Instrumentation-AspNet-Telemetry, Message=Activity stopped, Id='00-abfdc1270199e172782c30bd875823d4-b22b7673ea9c9105-01' 
[2026-03-17T15:35:30.9655165Z] [Debug] EventSource=OpenTelemetry-Instrumentation-AspNet-Telemetry, Message=Callback='Application_BeginRequest' 
[2026-03-17T15:35:30.9655165Z] [Debug] EventSource=OpenTelemetry-Sdk, Message=Activity started. Name = 'GET', Id = '00-248b1d6b356cd816722db9ed15ff165f-8f5ca79c12f10167-01'. 
[2026-03-17T15:35:30.9655165Z] [Debug] EventSource=OpenTelemetry-Instrumentation-AspNet-Telemetry, Message=Activity started, Id='00-248b1d6b356cd816722db9ed15ff165f-8f5ca79c12f10167-01' 
[2026-03-17T15:35:30.9655165Z] [Debug] EventSource=OpenTelemetry-Instrumentation-AspNet-Telemetry, Message=Callback='Application_EndRequest' 
[2026-03-17T15:35:30.9655165Z] [Debug] EventSource=OpenTelemetry-Sdk, Message=Activity stopped. Name = 'GET', Id = '00-248b1d6b356cd816722db9ed15ff165f-8f5ca79c12f10167-01'. 
[2026-03-17T15:35:30.9655165Z] [Debug] EventSource=OpenTelemetry-Instrumentation-AspNet-Telemetry, Message=Activity stopped, Id='00-248b1d6b356cd816722db9ed15ff165f-8f5ca79c12f10167-01' 
[2026-03-17T15:35:33.0333308Z] [Warning] EventSource=OpenTelemetry-Api, Message=Failed to inject activity context in format: 'TraceContextPropagator', context: 'Invalid context'. 
[2026-03-17T15:35:33.0343587Z] [Information] EventSource=OpenTelemetry-Exporter-OpenTelemetryProtocol, Message=Export succeeded for http://localhost:4318/v1/traces. Message: Export completed successfully. 
[2026-03-17T15:35:34.6492860Z] [Debug] EventSource=OpenTelemetry-Instrumentation-AspNet-Telemetry, Message=Callback='Application_BeginRequest' 
[2026-03-17T15:35:34.6492860Z] [Debug] EventSource=OpenTelemetry-Sdk, Message=Activity started. Name = 'GET', Id = '00-f70f38964290a3ef28505b5a7b5672c4-2f407a7d65c01f4f-01'. 
[2026-03-17T15:35:34.6492860Z] [Debug] EventSource=OpenTelemetry-Instrumentation-AspNet-Telemetry, Message=Activity started, Id='00-f70f38964290a3ef28505b5a7b5672c4-2f407a7d65c01f4f-01' 
[2026-03-17T15:35:34.6492860Z] [Debug] EventSource=OpenTelemetry-Instrumentation-AspNet-Telemetry, Message=Callback='Application_EndRequest' 
[2026-03-17T15:35:34.6492860Z] [Debug] EventSource=OpenTelemetry-Sdk, Message=Activity stopped. Name = 'GET', Id = '00-f70f38964290a3ef28505b5a7b5672c4-2f407a7d65c01f4f-01'. 
[2026-03-17T15:35:34.6492860Z] [Debug] EventSource=OpenTelemetry-Instrumentation-AspNet-Telemetry, Message=Activity stopped, Id='00-f70f38964290a3ef28505b5a7b5672c4-2f407a7d65c01f4f-01' 
[2026-03-17T15:35:35.9829198Z] [Debug] EventSource=OpenTelemetry-Instrumentation-AspNet-Telemetry, Message=Callback='Application_BeginRequest' 
[2026-03-17T15:35:35.9829198Z] [Debug] EventSource=OpenTelemetry-Sdk, Message=Activity started. Name = 'GET', Id = '00-4ec0f9d85d759d30e5fb5f4ff507c0f6-8cdf867067ad39b6-01'. 
[2026-03-17T15:35:35.9829198Z] [Debug] EventSource=OpenTelemetry-Instrumentation-AspNet-Telemetry, Message=Activity started, Id='00-4ec0f9d85d759d30e5fb5f4ff507c0f6-8cdf867067ad39b6-01' 
[2026-03-17T15:35:35.9829198Z] [Debug] EventSource=OpenTelemetry-Instrumentation-AspNet-Telemetry, Message=Callback='Application_EndRequest' 
[2026-03-17T15:35:35.9829198Z] [Debug] EventSource=OpenTelemetry-Sdk, Message=Activity stopped. Name = 'GET', Id = '00-4ec0f9d85d759d30e5fb5f4ff507c0f6-8cdf867067ad39b6-01'. 
[2026-03-17T15:35:35.9829198Z] [Debug] EventSource=OpenTelemetry-Instrumentation-AspNet-Telemetry, Message=Activity stopped, Id='00-4ec0f9d85d759d30e5fb5f4ff507c0f6-8cdf867067ad39b6-01' 
[2026-03-17T15:35:38.0359620Z] [Warning] EventSource=OpenTelemetry-Api, Message=Failed to inject activity context in format: 'TraceContextPropagator', context: 'Invalid context'. 
[2026-03-17T15:35:38.0369616Z] [Information] EventSource=OpenTelemetry-Exporter-OpenTelemetryProtocol, Message=Export succeeded for http://localhost:4318/v1/traces. Message: Export completed successfully. 
[2026-03-17T15:35:39.7366213Z] [Debug] EventSource=OpenTelemetry-Instrumentation-AspNet-Telemetry, Message=Callback='Application_BeginRequest' 
[2026-03-17T15:35:39.7366213Z] [Debug] EventSource=OpenTelemetry-Sdk, Message=Activity started. Name = 'GET', Id = '00-f7c4d741eae0a377081d6e4cd3d5b3de-1c48920094cb13ed-01'. 
[2026-03-17T15:35:39.7366213Z] [Debug] EventSource=OpenTelemetry-Instrumentation-AspNet-Telemetry, Message=Activity started, Id='00-f7c4d741eae0a377081d6e4cd3d5b3de-1c48920094cb13ed-01' 
[2026-03-17T15:35:39.7366213Z] [Debug] EventSource=OpenTelemetry-Instrumentation-AspNet-Telemetry, Message=Callback='Application_EndRequest' 
[2026-03-17T15:35:39.7366213Z] [Debug] EventSource=OpenTelemetry-Sdk, Message=Activity stopped. Name = 'GET', Id = '00-f7c4d741eae0a377081d6e4cd3d5b3de-1c48920094cb13ed-01'. 
[2026-03-17T15:35:39.7366213Z] [Debug] EventSource=OpenTelemetry-Instrumentation-AspNet-Telemetry, Message=Activity stopped, Id='00-f7c4d741eae0a377081d6e4cd3d5b3de-1c48920094cb13ed-01' 
[2026-03-17T15:35:40.9858378Z] [Debug] EventSource=OpenTelemetry-Instrumentation-AspNet-Telemetry, Message=Callback='Application_BeginRequest' 
[2026-03-17T15:35:40.9858378Z] [Debug] EventSource=OpenTelemetry-Sdk, Message=Activity started. Name = 'GET', Id = '00-f0c023e1dfb3bf5cef06a791308bc5a0-07f799108c2b2159-01'. 
[2026-03-17T15:35:40.9858378Z] [Debug] EventSource=OpenTelemetry-Instrumentation-AspNet-Telemetry, Message=Activity started, Id='00-f0c023e1dfb3bf5cef06a791308bc5a0-07f799108c2b2159-01' 
[2026-03-17T15:35:40.9858378Z] [Debug] EventSource=OpenTelemetry-Instrumentation-AspNet-Telemetry, Message=Callback='Application_EndRequest' 
[2026-03-17T15:35:40.9858378Z] [Debug] EventSource=OpenTelemetry-Sdk, Message=Activity stopped. Name = 'GET', Id = '00-f0c023e1dfb3bf5cef06a791308bc5a0-07f799108c2b2159-01'. 
[2026-03-17T15:35:40.9858378Z] [Debug] EventSource=OpenTelemetry-Instrumentation-AspNet-Telemetry, Message=Activity stopped, Id='00-f0c023e1dfb3bf5cef06a791308bc5a0-07f799108c2b2159-01' 
[2026-03-17T15:35:43.0377700Z] [Warning] EventSource=OpenTelemetry-Api, Message=Failed to inject activity context in format: 'TraceContextPropagator', context: 'Invalid context'. 
[2026-03-17T15:35:43.0397577Z] [Information] EventSource=OpenTelemetry-Exporter-OpenTelemetryProtocol, Message=Export succeeded for http://localhost:4318/v1/traces. Message: Export completed successfully. 
[2026-03-17T15:35:44.6546987Z] [Debug] EventSource=OpenTelemetry-Instrumentation-AspNet-Telemetry, Message=Callback='Application_BeginRequest' 
[2026-03-17T15:35:44.6546987Z] [Debug] EventSource=OpenTelemetry-Sdk, Message=Activity started. Name = 'GET', Id = '00-79375d343698058a1f124294412a500b-77761accd1af035c-01'. 
[2026-03-17T15:35:44.6546987Z] [Debug] EventSource=OpenTelemetry-Instrumentation-AspNet-Telemetry, Message=Activity started, Id='00-79375d343698058a1f124294412a500b-77761accd1af035c-01' 
[2026-03-17T15:35:44.6546987Z] [Debug] EventSource=OpenTelemetry-Instrumentation-AspNet-Telemetry, Message=Callback='Application_EndRequest' 
[2026-03-17T15:35:44.6546987Z] [Debug] EventSource=OpenTelemetry-Sdk, Message=Activity stopped. Name = 'GET', Id = '00-79375d343698058a1f124294412a500b-77761accd1af035c-01'. 
[2026-03-17T15:35:44.6546987Z] [Debug] EventSource=OpenTelemetry-Instrumentation-AspNet-Telemetry, Message=Activity stopped, Id='00-79375d343698058a1f124294412a500b-77761accd1af035c-01' 
[2026-03-17T15:35:46.0485530Z] [Debug] EventSource=OpenTelemetry-Instrumentation-AspNet-Telemetry, Message=Callback='Application_BeginRequest' 
[2026-03-17T15:35:46.0485530Z] [Debug] EventSource=OpenTelemetry-Sdk, Message=Activity started. Name = 'GET', Id = '00-14c3cdb51ebf124f81640faf04c8e77b-113961c5005171a4-01'. 
[2026-03-17T15:35:46.0485530Z] [Debug] EventSource=OpenTelemetry-Instrumentation-AspNet-Telemetry, Message=Activity started, Id='00-14c3cdb51ebf124f81640faf04c8e77b-113961c5005171a4-01' 
[2026-03-17T15:35:46.0495667Z] [Debug] EventSource=OpenTelemetry-Instrumentation-AspNet-Telemetry, Message=Callback='Application_EndRequest' 
[2026-03-17T15:35:46.0495667Z] [Debug] EventSource=OpenTelemetry-Sdk, Message=Activity stopped. Name = 'GET', Id = '00-14c3cdb51ebf124f81640faf04c8e77b-113961c5005171a4-01'. 
[2026-03-17T15:35:46.0495667Z] [Debug] EventSource=OpenTelemetry-Instrumentation-AspNet-Telemetry, Message=Activity stopped, Id='00-14c3cdb51ebf124f81640faf04c8e77b-113961c5005171a4-01' 
[2026-03-17T15:35:48.0447280Z] [Warning] EventSource=OpenTelemetry-Api, Message=Failed to inject activity context in format: 'TraceContextPropagator', context: 'Invalid context'. 
[2026-03-17T15:35:48.0467378Z] [Information] EventSource=OpenTelemetry-Exporter-OpenTelemetryProtocol, Message=Export succeeded for http://localhost:4318/v1/traces. Message: Export completed successfully. 
[2026-03-17T15:35:49.6529473Z] [Debug] EventSource=OpenTelemetry-Instrumentation-AspNet-Telemetry, Message=Callback='Application_BeginRequest' 
[2026-03-17T15:35:49.6529473Z] [Debug] EventSource=OpenTelemetry-Sdk, Message=Activity started. Name = 'GET', Id = '00-73bdea42aab3d3a033b5439a753910fa-cc447a8a67a14d73-01'. 
[2026-03-17T15:35:49.6529473Z] [Debug] EventSource=OpenTelemetry-Instrumentation-AspNet-Telemetry, Message=Activity started, Id='00-73bdea42aab3d3a033b5439a753910fa-cc447a8a67a14d73-01' 
[2026-03-17T15:35:49.6529473Z] [Debug] EventSource=OpenTelemetry-Instrumentation-AspNet-Telemetry, Message=Callback='Application_EndRequest' 
[2026-03-17T15:35:49.6685592Z] [Debug] EventSource=OpenTelemetry-Sdk, Message=Activity stopped. Name = 'GET', Id = '00-73bdea42aab3d3a033b5439a753910fa-cc447a8a67a14d73-01'. 
[2026-03-17T15:35:49.6685592Z] [Debug] EventSource=OpenTelemetry-Instrumentation-AspNet-Telemetry, Message=Activity stopped, Id='00-73bdea42aab3d3a033b5439a753910fa-cc447a8a67a14d73-01' 
[2026-03-17T15:35:51.0254463Z] [Debug] EventSource=OpenTelemetry-Instrumentation-AspNet-Telemetry, Message=Callback='Application_BeginRequest' 
[2026-03-17T15:35:51.0254463Z] [Debug] EventSource=OpenTelemetry-Sdk, Message=Activity started. Name = 'GET', Id = '00-ac1e0d27478731fd25863d60d0e9a8ce-9d4fcd9e7cf6cd6b-01'. 
[2026-03-17T15:35:51.0254463Z] [Debug] EventSource=OpenTelemetry-Instrumentation-AspNet-Telemetry, Message=Activity started, Id='00-ac1e0d27478731fd25863d60d0e9a8ce-9d4fcd9e7cf6cd6b-01' 
[2026-03-17T15:35:51.0254463Z] [Debug] EventSource=OpenTelemetry-Instrumentation-AspNet-Telemetry, Message=Callback='Application_EndRequest' 
[2026-03-17T15:35:51.0254463Z] [Debug] EventSource=OpenTelemetry-Sdk, Message=Activity stopped. Name = 'GET', Id = '00-ac1e0d27478731fd25863d60d0e9a8ce-9d4fcd9e7cf6cd6b-01'. 
[2026-03-17T15:35:51.0254463Z] [Debug] EventSource=OpenTelemetry-Instrumentation-AspNet-Telemetry, Message=Activity stopped, Id='00-ac1e0d27478731fd25863d60d0e9a8ce-9d4fcd9e7cf6cd6b-01' 
[2026-03-17T15:35:53.0470658Z] [Warning] EventSource=OpenTelemetry-Api, Message=Failed to inject activity context in format: 'TraceContextPropagator', context: 'Invalid context'. 
[2026-03-17T15:35:53.0483994Z] [Information] EventSource=OpenTelemetry-Exporter-OpenTelemetryProtocol, Message=Export succeeded for http://localhost:4318/v1/traces. Message: Export completed successfully. 
[2026-03-17T15:35:54.6576407Z] [Debug] EventSource=OpenTelemetry-Instrumentation-AspNet-Telemetry, Message=Callback='Application_BeginRequest' 
[2026-03-17T15:35:54.6576407Z] [Debug] EventSource=OpenTelemetry-Sdk, Message=Activity started. Name = 'GET', Id = '00-37d58b437e1d9b050ece8166c7a4b69f-734d1423cf306671-01'. 
[2026-03-17T15:35:54.6576407Z] [Debug] EventSource=OpenTelemetry-Instrumentation-AspNet-Telemetry, Message=Activity started, Id='00-37d58b437e1d9b050ece8166c7a4b69f-734d1423cf306671-01' 
[2026-03-17T15:35:54.6576407Z] [Debug] EventSource=OpenTelemetry-Instrumentation-AspNet-Telemetry, Message=Callback='Application_EndRequest' 
[2026-03-17T15:35:54.6576407Z] [Debug] EventSource=OpenTelemetry-Sdk, Message=Activity stopped. Name = 'GET', Id = '00-37d58b437e1d9b050ece8166c7a4b69f-734d1423cf306671-01'. 
[2026-03-17T15:35:54.6576407Z] [Debug] EventSource=OpenTelemetry-Instrumentation-AspNet-Telemetry, Message=Activity stopped, Id='00-37d58b437e1d9b050ece8166c7a4b69f-734d1423cf306671-01' 
[2026-03-17T15:35:56.0470253Z] [Debug] EventSource=OpenTelemetry-Instrumentation-AspNet-Telemetry, Message=Callback='Application_BeginRequest' 
[2026-03-17T15:35:56.0470253Z] [Debug] EventSource=OpenTelemetry-Sdk, Message=Activity started. Name = 'GET', Id = '00-0d595897d4f5161df775ff7a9d6053ef-fa7f91dcce04632b-01'. 
[2026-03-17T15:35:56.0470253Z] [Debug] EventSource=OpenTelemetry-Instrumentation-AspNet-Telemetry, Message=Activity started, Id='00-0d595897d4f5161df775ff7a9d6053ef-fa7f91dcce04632b-01' 
[2026-03-17T15:35:56.0480260Z] [Debug] EventSource=OpenTelemetry-Instrumentation-AspNet-Telemetry, Message=Callback='Application_EndRequest' 
[2026-03-17T15:35:56.0480260Z] [Debug] EventSource=OpenTelemetry-Sdk, Message=Activity stopped. Name = 'GET', Id = '00-0d595897d4f5161df775ff7a9d6053ef-fa7f91dcce04632b-01'. 
[2026-03-17T15:35:56.0480260Z] [Debug] EventSource=OpenTelemetry-Instrumentation-AspNet-Telemetry, Message=Activity stopped, Id='00-0d595897d4f5161df775ff7a9d6053ef-fa7f91dcce04632b-01' 
[2026-03-17T15:35:58.0491583Z] [Warning] EventSource=OpenTelemetry-Api, Message=Failed to inject activity context in format: 'TraceContextPropagator', context: 'Invalid context'. 
[2026-03-17T15:35:58.0511252Z] [Information] EventSource=OpenTelemetry-Exporter-OpenTelemetryProtocol, Message=Export succeeded for http://localhost:4318/v1/traces. Message: Export completed successfully. 
[2026-03-17T15:35:59.7155464Z] [Debug] EventSource=OpenTelemetry-Instrumentation-AspNet-Telemetry, Message=Callback='Application_BeginRequest' 
[2026-03-17T15:35:59.7155464Z] [Debug] EventSource=OpenTelemetry-Sdk, Message=Activity started. Name = 'GET', Id = '00-4832f01ce588a7e570c1df0af52ed57c-bb64014b9509c5a8-01'. 
[2026-03-17T15:35:59.7155464Z] [Debug] EventSource=OpenTelemetry-Instrumentation-AspNet-Telemetry, Message=Activity started, Id='00-4832f01ce588a7e570c1df0af52ed57c-bb64014b9509c5a8-01' 
[2026-03-17T15:35:59.7155464Z] [Debug] EventSource=OpenTelemetry-Instrumentation-AspNet-Telemetry, Message=Callback='Application_EndRequest' 
[2026-03-17T15:35:59.7155464Z] [Debug] EventSource=OpenTelemetry-Sdk, Message=Activity stopped. Name = 'GET', Id = '00-4832f01ce588a7e570c1df0af52ed57c-bb64014b9509c5a8-01'. 
[2026-03-17T15:35:59.7155464Z] [Debug] EventSource=OpenTelemetry-Instrumentation-AspNet-Telemetry, Message=Activity stopped, Id='00-4832f01ce588a7e570c1df0af52ed57c-bb64014b9509c5a8-01' 
[2026-03-17T15:36:00.9635238Z] [Debug] EventSource=OpenTelemetry-Instrumentation-AspNet-Telemetry, Message=Callback='Application_BeginRequest' 
[2026-03-17T15:36:00.9635238Z] [Debug] EventSource=OpenTelemetry-Sdk, Message=Activity started. Name = 'GET', Id = '00-cd390db2124c8fe2aadeb4eabee54d04-7c64b4c870aa943a-01'. 
[2026-03-17T15:36:00.9635238Z] [Debug] EventSource=OpenTelemetry-Instrumentation-AspNet-Telemetry, Message=Activity started, Id='00-cd390db2124c8fe2aadeb4eabee54d04-7c64b4c870aa943a-01' 
[2026-03-17T15:36:00.9635238Z] [Debug] EventSource=OpenTelemetry-Instrumentation-AspNet-Telemetry, Message=Callback='Application_EndRequest' 
[2026-03-17T15:36:00.9635238Z] [Debug] EventSource=OpenTelemetry-Sdk, Message=Activity stopped. Name = 'GET', Id = '00-cd390db2124c8fe2aadeb4eabee54d04-7c64b4c870aa943a-01'. 
[2026-03-17T15:36:00.9635238Z] [Debug] EventSource=OpenTelemetry-Instrumentation-AspNet-Telemetry, Message=Activity stopped, Id='00-cd390db2124c8fe2aadeb4eabee54d04-7c64b4c870aa943a-01' 
[2026-03-17T15:36:02.7246682Z] [Debug] EventSource=OpenTelemetry-Sdk, Message=MetricReader event: 'PeriodicExportingMetricReader calling MetricReader.Collect because the export interval has elapsed.' 
[2026-03-17T15:36:02.7246682Z] [Debug] EventSource=OpenTelemetry-Sdk, Message=MetricReader event: 'MetricReader.Collect method called.' 
[2026-03-17T15:36:02.7246682Z] [Debug] EventSource=OpenTelemetry-Sdk, Message=MetricReader event: 'MetricReader.OnCollect called.' 
[2026-03-17T15:36:02.7516443Z] [Debug] EventSource=OpenTelemetry-Sdk, Message=MetricReader event: 'Observable instruments collected.' 
[2026-03-17T15:36:02.7679753Z] [Debug] EventSource=OpenTelemetry-Sdk, Message=MetricReader event: 'ProcessMetrics called.' 
[2026-03-17T15:36:02.7679753Z] [Debug] EventSource=OpenTelemetry-Sdk, Message=MetricReader event: 'BaseExportingMetricReader calling OpenTelemetry.Exporter.OtlpMetricExporter.Export method.' 
[2026-03-17T15:36:02.8141469Z] [Warning] EventSource=OpenTelemetry-Api, Message=Failed to inject activity context in format: 'TraceContextPropagator', context: 'Invalid context'. 
[2026-03-17T15:36:02.8415421Z] [Error] EventSource=OpenTelemetry-Exporter-OpenTelemetryProtocol, Message=HTTP request to http://localhost:4318/v1/metrics failed. Response: . Exception: System.Net.Http.HttpRequestException: Response status code does not indicate success: 404 (Not Found).
   at System.Net.Http.HttpResponseMessage.EnsureSuccessStatusCode()
   at OpenTelemetry.Exporter.OpenTelemetryProtocol.Implementation.ExportClient.OtlpHttpExportClient.SendExportRequest(Byte[] buffer, Int32 contentLength, DateTime deadlineUtc, CancellationToken cancellationToken) 
[2026-03-17T15:36:02.8415421Z] [Debug] EventSource=OpenTelemetry-Sdk, Message=MetricReader event: 'OpenTelemetry.Exporter.OtlpMetricExporter.Export failed.' 
[2026-03-17T15:36:02.8415421Z] [Debug] EventSource=OpenTelemetry-Sdk, Message=MetricReader event: 'ProcessMetrics failed.' 
[2026-03-17T15:36:02.8415421Z] [Debug] EventSource=OpenTelemetry-Sdk, Message=MetricReader event: 'MetricReader.Collect failed.' 
[2026-03-17T15:36:03.0517860Z] [Warning] EventSource=OpenTelemetry-Api, Message=Failed to inject activity context in format: 'TraceContextPropagator', context: 'Invalid context'. 
[2026-03-17T15:36:03.0543428Z] [Information] EventSource=OpenTelemetry-Exporter-OpenTelemetryProtocol, Message=Export succeeded for http://localhost:4318/v1/traces. Message: Export completed successfully. 
[2026-03-17T15:36:04.7043038Z] [Debug] EventSource=OpenTelemetry-Instrumentation-AspNet-Telemetry, Message=Callback='Application_BeginRequest' 
[2026-03-17T15:36:04.7043038Z] [Debug] EventSource=OpenTelemetry-Sdk, Message=Activity started. Name = 'GET', Id = '00-6c34b73cdb2de0151b4932d9dc68ccc1-e9089ea1f4a1a3a8-01'. 
[2026-03-17T15:36:04.7043038Z] [Debug] EventSource=OpenTelemetry-Instrumentation-AspNet-Telemetry, Message=Activity started, Id='00-6c34b73cdb2de0151b4932d9dc68ccc1-e9089ea1f4a1a3a8-01' 
[2026-03-17T15:36:04.7043038Z] [Debug] EventSource=OpenTelemetry-Instrumentation-AspNet-Telemetry, Message=Callback='Application_EndRequest' 
[2026-03-17T15:36:04.7043038Z] [Debug] EventSource=OpenTelemetry-Sdk, Message=Activity stopped. Name = 'GET', Id = '00-6c34b73cdb2de0151b4932d9dc68ccc1-e9089ea1f4a1a3a8-01'. 
[2026-03-17T15:36:04.7043038Z] [Debug] EventSource=OpenTelemetry-Instrumentation-AspNet-Telemetry, Message=Activity stopped, Id='00-6c34b73cdb2de0151b4932d9dc68ccc1-e9089ea1f4a1a3a8-01' 
[2026-03-17T15:36:05.9729374Z] [Debug] EventSource=OpenTelemetry-Instrumentation-AspNet-Telemetry, Message=Callback='Application_BeginRequest' 
[2026-03-17T15:36:05.9729374Z] [Debug] EventSource=OpenTelemetry-Sdk, Message=Activity started. Name = 'GET', Id = '00-285002ff2276bb98c678e184748a94f5-5b188f9611d073b5-01'. 
[2026-03-17T15:36:05.9729374Z] [Debug] EventSource=OpenTelemetry-Instrumentation-AspNet-Telemetry, Message=Activity started, Id='00-285002ff2276bb98c678e184748a94f5-5b188f9611d073b5-01' 
[2026-03-17T15:36:05.9729374Z] [Debug] EventSource=OpenTelemetry-Instrumentation-AspNet-Telemetry, Message=Callback='Application_EndRequest' 
[2026-03-17T15:36:05.9729374Z] [Debug] EventSource=OpenTelemetry-Sdk, Message=Activity stopped. Name = 'GET', Id = '00-285002ff2276bb98c678e184748a94f5-5b188f9611d073b5-01'. 
[2026-03-17T15:36:05.9729374Z] [Debug] EventSource=OpenTelemetry-Instrumentation-AspNet-Telemetry, Message=Activity stopped, Id='00-285002ff2276bb98c678e184748a94f5-5b188f9611d073b5-01' 
[2026-03-17T15:36:06.2812915Z] [Debug] EventSource=OpenTelemetry-Sdk, Message=Activity started. Name = 'AVAFX_General', Id = '00-7227459e8560192e92cbf8ad718477d4-bc15ec2d679f8fce-01'. 
[2026-03-17T15:36:06.2812915Z] [Debug] EventSource=OpenTelemetry-Sdk, Message=Activity stopped. Name = 'AVAFX_General', Id = '00-7227459e8560192e92cbf8ad718477d4-bc15ec2d679f8fce-01'. 
[2026-03-17T15:36:08.0550344Z] [Warning] EventSource=OpenTelemetry-Api, Message=Failed to inject activity context in format: 'TraceContextPropagator', context: 'Invalid context'. 
[2026-03-17T15:36:08.0560348Z] [Information] EventSource=OpenTelemetry-Exporter-OpenTelemetryProtocol, Message=Export succeeded for http://localhost:4318/v1/traces. Message: Export completed successfully. 
[2026-03-17T15:36:09.6731588Z] [Debug] EventSource=OpenTelemetry-Instrumentation-AspNet-Telemetry, Message=Callback='Application_BeginRequest' 
[2026-03-17T15:36:09.6731588Z] [Debug] EventSource=OpenTelemetry-Sdk, Message=Activity started. Name = 'GET', Id = '00-3df6f6179f1a58bac9eee4a3ec280aa3-d4c9a70f968d1f32-01'. 
[2026-03-17T15:36:09.6731588Z] [Debug] EventSource=OpenTelemetry-Instrumentation-AspNet-Telemetry, Message=Activity started, Id='00-3df6f6179f1a58bac9eee4a3ec280aa3-d4c9a70f968d1f32-01' 
[2026-03-17T15:36:09.6731588Z] [Debug] EventSource=OpenTelemetry-Instrumentation-AspNet-Telemetry, Message=Callback='Application_EndRequest' 
[2026-03-17T15:36:09.6731588Z] [Debug] EventSource=OpenTelemetry-Sdk, Message=Activity stopped. Name = 'GET', Id = '00-3df6f6179f1a58bac9eee4a3ec280aa3-d4c9a70f968d1f32-01'. 
[2026-03-17T15:36:09.6731588Z] [Debug] EventSource=OpenTelemetry-Instrumentation-AspNet-Telemetry, Message=Activity stopped, Id='00-3df6f6179f1a58bac9eee4a3ec280aa3-d4c9a70f968d1f32-01' 
[2026-03-17T15:36:11.0216438Z] [Debug] EventSource=OpenTelemetry-Instrumentation-AspNet-Telemetry, Message=Callback='Application_BeginRequest' 
[2026-03-17T15:36:11.0216438Z] [Debug] EventSource=OpenTelemetry-Sdk, Message=Activity started. Name = 'GET', Id = '00-271a552c0960adf76ca7837b77b0ebde-df26986e8116abcb-01'. 
[2026-03-17T15:36:11.0216438Z] [Debug] EventSource=OpenTelemetry-Instrumentation-AspNet-Telemetry, Message=Activity started, Id='00-271a552c0960adf76ca7837b77b0ebde-df26986e8116abcb-01' 
[2026-03-17T15:36:11.0216438Z] [Debug] EventSource=OpenTelemetry-Instrumentation-AspNet-Telemetry, Message=Callback='Application_EndRequest' 
[2026-03-17T15:36:11.0216438Z] [Debug] EventSource=OpenTelemetry-Sdk, Message=Activity stopped. Name = 'GET', Id = '00-271a552c0960adf76ca7837b77b0ebde-df26986e8116abcb-01'. 
[2026-03-17T15:36:11.0216438Z] [Debug] EventSource=OpenTelemetry-Instrumentation-AspNet-Telemetry, Message=Activity stopped, Id='00-271a552c0960adf76ca7837b77b0ebde-df26986e8116abcb-01' 
[2026-03-17T15:36:13.0687815Z] [Warning] EventSource=OpenTelemetry-Api, Message=Failed to inject activity context in format: 'TraceContextPropagator', context: 'Invalid context'. 
[2026-03-17T15:36:13.0711792Z] [Information] EventSource=OpenTelemetry-Exporter-OpenTelemetryProtocol, Message=Export succeeded for http://localhost:4318/v1/traces. Message: Export completed successfully. 
[2026-03-17T15:36:14.6558881Z] [Debug] EventSource=OpenTelemetry-Instrumentation-AspNet-Telemetry, Message=Callback='Application_BeginRequest' 
[2026-03-17T15:36:14.6568637Z] [Debug] EventSource=OpenTelemetry-Sdk, Message=Activity started. Name = 'GET', Id = '00-25447a7169d54c3c7509f87be59b1934-700e7047352d024a-01'. 
[2026-03-17T15:36:14.6568637Z] [Debug] EventSource=OpenTelemetry-Instrumentation-AspNet-Telemetry, Message=Activity started, Id='00-25447a7169d54c3c7509f87be59b1934-700e7047352d024a-01' 
[2026-03-17T15:36:14.6568637Z] [Debug] EventSource=OpenTelemetry-Instrumentation-AspNet-Telemetry, Message=Callback='Application_EndRequest' 
[2026-03-17T15:36:14.6568637Z] [Debug] EventSource=OpenTelemetry-Sdk, Message=Activity stopped. Name = 'GET', Id = '00-25447a7169d54c3c7509f87be59b1934-700e7047352d024a-01'. 
[2026-03-17T15:36:14.6568637Z] [Debug] EventSource=OpenTelemetry-Instrumentation-AspNet-Telemetry, Message=Activity stopped, Id='00-25447a7169d54c3c7509f87be59b1934-700e7047352d024a-01' 
[2026-03-17T15:36:16.0012842Z] [Debug] EventSource=OpenTelemetry-Instrumentation-AspNet-Telemetry, Message=Callback='Application_BeginRequest' 
[2026-03-17T15:36:16.0012842Z] [Debug] EventSource=OpenTelemetry-Sdk, Message=Activity started. Name = 'GET', Id = '00-12bef5e8f4165cc71c28f0024e58c63c-00acc3f7b603812d-01'. 
[2026-03-17T15:36:16.0012842Z] [Debug] EventSource=OpenTelemetry-Instrumentation-AspNet-Telemetry, Message=Activity started, Id='00-12bef5e8f4165cc71c28f0024e58c63c-00acc3f7b603812d-01' 
[2026-03-17T15:36:16.0012842Z] [Debug] EventSource=OpenTelemetry-Instrumentation-AspNet-Telemetry, Message=Callback='Application_EndRequest' 
[2026-03-17T15:36:16.0012842Z] [Debug] EventSource=OpenTelemetry-Sdk, Message=Activity stopped. Name = 'GET', Id = '00-12bef5e8f4165cc71c28f0024e58c63c-00acc3f7b603812d-01'. 
[2026-03-17T15:36:16.0012842Z] [Debug] EventSource=OpenTelemetry-Instrumentation-AspNet-Telemetry, Message=Activity stopped, Id='00-12bef5e8f4165cc71c28f0024e58c63c-00acc3f7b603812d-01' 
[2026-03-17T15:36:18.0756946Z] [Warning] EventSource=OpenTelemetry-Api, Message=Failed to inject activity context in format: 'TraceContextPropagator', context: 'Invalid context'. 
[2026-03-17T15:36:18.0779721Z] [Information] EventSource=OpenTelemetry-Exporter-OpenTelemetryProtocol, Message=Export succeeded for http://localhost:4318/v1/traces. Message: Export completed successfully. 
[2026-03-17T15:36:19.7131318Z] [Debug] EventSource=OpenTelemetry-Instrumentation-AspNet-Telemetry, Message=Callback='Application_BeginRequest' 
[2026-03-17T15:36:19.7131318Z] [Debug] EventSource=OpenTelemetry-Sdk, Message=Activity started. Name = 'GET', Id = '00-a648f82fed320cdc45be7f51b71926d1-43b828b798d90bb2-01'. 
[2026-03-17T15:36:19.7131318Z] [Debug] EventSource=OpenTelemetry-Instrumentation-AspNet-Telemetry, Message=Activity started, Id='00-a648f82fed320cdc45be7f51b71926d1-43b828b798d90bb2-01' 
[2026-03-17T15:36:19.7131318Z] [Debug] EventSource=OpenTelemetry-Instrumentation-AspNet-Telemetry, Message=Callback='Application_EndRequest' 
[2026-03-17T15:36:19.7131318Z] [Debug] EventSource=OpenTelemetry-Sdk, Message=Activity stopped. Name = 'GET', Id = '00-a648f82fed320cdc45be7f51b71926d1-43b828b798d90bb2-01'. 
[2026-03-17T15:36:19.7131318Z] [Debug] EventSource=OpenTelemetry-Instrumentation-AspNet-Telemetry, Message=Activity stopped, Id='00-a648f82fed320cdc45be7f51b71926d1-43b828b798d90bb2-01' 
[2026-03-17T15:36:20.9692912Z] [Debug] EventSource=OpenTelemetry-Instrumentation-AspNet-Telemetry, Message=Callback='Application_BeginRequest' 
[2026-03-17T15:36:20.9692912Z] [Debug] EventSource=OpenTelemetry-Sdk, Message=Activity started. Name = 'GET', Id = '00-b0a9210a1369ead5aa337ca77636dbec-8e9f388f163d5791-01'. 
[2026-03-17T15:36:20.9692912Z] [Debug] EventSource=OpenTelemetry-Instrumentation-AspNet-Telemetry, Message=Activity started, Id='00-b0a9210a1369ead5aa337ca77636dbec-8e9f388f163d5791-01' 
[2026-03-17T15:36:20.9692912Z] [Debug] EventSource=OpenTelemetry-Instrumentation-AspNet-Telemetry, Message=Callback='Application_EndRequest' 
[2026-03-17T15:36:20.9692912Z] [Debug] EventSource=OpenTelemetry-Sdk, Message=Activity stopped. Name = 'GET', Id = '00-b0a9210a1369ead5aa337ca77636dbec-8e9f388f163d5791-01'. 
[2026-03-17T15:36:20.9692912Z] [Debug] EventSource=OpenTelemetry-Instrumentation-AspNet-Telemetry, Message=Activity stopped, Id='00-b0a9210a1369ead5aa337ca77636dbec-8e9f388f163d5791-01' 
[2026-03-17T15:36:23.0779111Z] [Warning] EventSource=OpenTelemetry-Api, Message=Failed to inject activity context in format: 'TraceContextPropagator', context: 'Invalid context'. 
[2026-03-17T15:36:23.0792624Z] [Information] EventSource=OpenTelemetry-Exporter-OpenTelemetryProtocol, Message=Export succeeded for http://localhost:4318/v1/traces. Message: Export completed successfully. 
[2026-03-17T15:36:24.7139746Z] [Debug] EventSource=OpenTelemetry-Instrumentation-AspNet-Telemetry, Message=Callback='Application_BeginRequest' 
[2026-03-17T15:36:24.7139746Z] [Debug] EventSource=OpenTelemetry-Sdk, Message=Activity started. Name = 'GET', Id = '00-00c3f463bc3dc009770c70750feb2271-f22bbb643baa1a02-01'. 
[2026-03-17T15:36:24.7139746Z] [Debug] EventSource=OpenTelemetry-Instrumentation-AspNet-Telemetry, Message=Activity started, Id='00-00c3f463bc3dc009770c70750feb2271-f22bbb643baa1a02-01' 
[2026-03-17T15:36:24.7149868Z] [Debug] EventSource=OpenTelemetry-Instrumentation-AspNet-Telemetry, Message=Callback='Application_EndRequest' 
[2026-03-17T15:36:24.7149868Z] [Debug] EventSource=OpenTelemetry-Sdk, Message=Activity stopped. Name = 'GET', Id = '00-00c3f463bc3dc009770c70750feb2271-f22bbb643baa1a02-01'. 
[2026-03-17T15:36:24.7149868Z] [Debug] EventSource=OpenTelemetry-Instrumentation-AspNet-Telemetry, Message=Activity stopped, Id='00-00c3f463bc3dc009770c70750feb2271-f22bbb643baa1a02-01' 
[2026-03-17T15:36:26.0223701Z] [Debug] EventSource=OpenTelemetry-Instrumentation-AspNet-Telemetry, Message=Callback='Application_BeginRequest' 
[2026-03-17T15:36:26.0223701Z] [Debug] EventSource=OpenTelemetry-Sdk, Message=Activity started. Name = 'GET', Id = '00-03f5362d302ec40807c98f5acbbd201a-7e2559b31978305a-01'. 
[2026-03-17T15:36:26.0223701Z] [Debug] EventSource=OpenTelemetry-Instrumentation-AspNet-Telemetry, Message=Activity started, Id='00-03f5362d302ec40807c98f5acbbd201a-7e2559b31978305a-01' 
[2026-03-17T15:36:26.0223701Z] [Debug] EventSource=OpenTelemetry-Instrumentation-AspNet-Telemetry, Message=Callback='Application_EndRequest' 
[2026-03-17T15:36:26.0223701Z] [Debug] EventSource=OpenTelemetry-Sdk, Message=Activity stopped. Name = 'GET', Id = '00-03f5362d302ec40807c98f5acbbd201a-7e2559b31978305a-01'. 
[2026-03-17T15:36:26.0223701Z] [Debug] EventSource=OpenTelemetry-Instrumentation-AspNet-Telemetry, Message=Activity stopped, Id='00-03f5362d302ec40807c98f5acbbd201a-7e2559b31978305a-01' 
[2026-03-17T15:36:28.0908748Z] [Warning] EventSource=OpenTelemetry-Api, Message=Failed to inject activity context in format: 'TraceContextPropagator', context: 'Invalid context'. 
[2026-03-17T15:36:28.0933399Z] [Information] EventSource=OpenTelemetry-Exporter-OpenTelemetryProtocol, Message=Export succeeded for http://localhost:4318/v1/traces. Message: Export completed successfully. 
[2026-03-17T15:36:29.6673628Z] [Debug] EventSource=OpenTelemetry-Instrumentation-AspNet-Telemetry, Message=Callback='Application_BeginRequest' 
[2026-03-17T15:36:29.6673628Z] [Debug] EventSource=OpenTelemetry-Sdk, Message=Activity started. Name = 'GET', Id = '00-44900852c0cfb777d2d264a5b5107e32-956e6f3666b50c92-01'. 
[2026-03-17T15:36:29.6673628Z] [Debug] EventSource=OpenTelemetry-Instrumentation-AspNet-Telemetry, Message=Activity started, Id='00-44900852c0cfb777d2d264a5b5107e32-956e6f3666b50c92-01' 
[2026-03-17T15:36:29.6673628Z] [Debug] EventSource=OpenTelemetry-Instrumentation-AspNet-Telemetry, Message=Callback='Application_EndRequest' 
[2026-03-17T15:36:29.6673628Z] [Debug] EventSource=OpenTelemetry-Sdk, Message=Activity stopped. Name = 'GET', Id = '00-44900852c0cfb777d2d264a5b5107e32-956e6f3666b50c92-01'. 
[2026-03-17T15:36:29.6673628Z] [Debug] EventSource=OpenTelemetry-Instrumentation-AspNet-Telemetry, Message=Activity stopped, Id='00-44900852c0cfb777d2d264a5b5107e32-956e6f3666b50c92-01' 
[2026-03-17T15:36:31.0403774Z] [Debug] EventSource=OpenTelemetry-Instrumentation-AspNet-Telemetry, Message=Callback='Application_BeginRequest' 
[2026-03-17T15:36:31.0403774Z] [Debug] EventSource=OpenTelemetry-Sdk, Message=Activity started. Name = 'GET', Id = '00-87edd78615244016062927dd7a185312-b6378adf11b66f1d-01'. 
[2026-03-17T15:36:31.0403774Z] [Debug] EventSource=OpenTelemetry-Instrumentation-AspNet-Telemetry, Message=Activity started, Id='00-87edd78615244016062927dd7a185312-b6378adf11b66f1d-01' 
[2026-03-17T15:36:31.0413608Z] [Debug] EventSource=OpenTelemetry-Instrumentation-AspNet-Telemetry, Message=Callback='Application_EndRequest' 
[2026-03-17T15:36:31.0413608Z] [Debug] EventSource=OpenTelemetry-Sdk, Message=Activity stopped. Name = 'GET', Id = '00-87edd78615244016062927dd7a185312-b6378adf11b66f1d-01'. 
[2026-03-17T15:36:31.0413608Z] [Debug] EventSource=OpenTelemetry-Instrumentation-AspNet-Telemetry, Message=Activity stopped, Id='00-87edd78615244016062927dd7a185312-b6378adf11b66f1d-01' 
[2026-03-17T15:36:33.1063478Z] [Warning] EventSource=OpenTelemetry-Api, Message=Failed to inject activity context in format: 'TraceContextPropagator', context: 'Invalid context'. 
[2026-03-17T15:36:33.1090448Z] [Information] EventSource=OpenTelemetry-Exporter-OpenTelemetryProtocol, Message=Export succeeded for http://localhost:4318/v1/traces. Message: Export completed successfully. 
[2026-03-17T15:36:34.7397316Z] [Debug] EventSource=OpenTelemetry-Instrumentation-AspNet-Telemetry, Message=Callback='Application_BeginRequest' 
[2026-03-17T15:36:34.7397316Z] [Debug] EventSource=OpenTelemetry-Sdk, Message=Activity started. Name = 'GET', Id = '00-b9a7b720451e1f3cce894af8b19e7480-928e5102ab072382-01'. 
[2026-03-17T15:36:34.7397316Z] [Debug] EventSource=OpenTelemetry-Instrumentation-AspNet-Telemetry, Message=Activity started, Id='00-b9a7b720451e1f3cce894af8b19e7480-928e5102ab072382-01' 
[2026-03-17T15:36:34.7407411Z] [Debug] EventSource=OpenTelemetry-Instrumentation-AspNet-Telemetry, Message=Callback='Application_EndRequest' 
[2026-03-17T15:36:34.7407411Z] [Debug] EventSource=OpenTelemetry-Sdk, Message=Activity stopped. Name = 'GET', Id = '00-b9a7b720451e1f3cce894af8b19e7480-928e5102ab072382-01'. 
[2026-03-17T15:36:34.7407411Z] [Debug] EventSource=OpenTelemetry-Instrumentation-AspNet-Telemetry, Message=Activity stopped, Id='00-b9a7b720451e1f3cce894af8b19e7480-928e5102ab072382-01' 
[2026-03-17T15:36:35.9940692Z] [Debug] EventSource=OpenTelemetry-Instrumentation-AspNet-Telemetry, Message=Callback='Application_BeginRequest' 
[2026-03-17T15:36:35.9940692Z] [Debug] EventSource=OpenTelemetry-Sdk, Message=Activity started. Name = 'GET', Id = '00-f59a65721abb8ddab8ca376476c57edf-c7c989dae2d29ac2-01'. 
[2026-03-17T15:36:35.9940692Z] [Debug] EventSource=OpenTelemetry-Instrumentation-AspNet-Telemetry, Message=Activity started, Id='00-f59a65721abb8ddab8ca376476c57edf-c7c989dae2d29ac2-01' 
[2026-03-17T15:36:35.9951054Z] [Debug] EventSource=OpenTelemetry-Instrumentation-AspNet-Telemetry, Message=Callback='Application_EndRequest' 
[2026-03-17T15:36:35.9951054Z] [Debug] EventSource=OpenTelemetry-Sdk, Message=Activity stopped. Name = 'GET', Id = '00-f59a65721abb8ddab8ca376476c57edf-c7c989dae2d29ac2-01'. 
[2026-03-17T15:36:35.9951054Z] [Debug] EventSource=OpenTelemetry-Instrumentation-AspNet-Telemetry, Message=Activity stopped, Id='00-f59a65721abb8ddab8ca376476c57edf-c7c989dae2d29ac2-01' 
[2026-03-17T15:36:38.1117147Z] [Warning] EventSource=OpenTelemetry-Api, Message=Failed to inject activity context in format: 'TraceContextPropagator', context: 'Invalid context'. 
[2026-03-17T15:36:38.1141108Z] [Information] EventSource=OpenTelemetry-Exporter-OpenTelemetryProtocol, Message=Export succeeded for http://localhost:4318/v1/traces. Message: Export completed successfully. 
[2026-03-17T15:36:39.6907324Z] [Debug] EventSource=OpenTelemetry-Instrumentation-AspNet-Telemetry, Message=Callback='Application_BeginRequest' 
[2026-03-17T15:36:39.6907324Z] [Debug] EventSource=OpenTelemetry-Sdk, Message=Activity started. Name = 'GET', Id = '00-42c1ad0f34768c6a17286fa0ca1ee140-f21e44041127de12-01'. 
[2026-03-17T15:36:39.6907324Z] [Debug] EventSource=OpenTelemetry-Instrumentation-AspNet-Telemetry, Message=Activity started, Id='00-42c1ad0f34768c6a17286fa0ca1ee140-f21e44041127de12-01' 
[2026-03-17T15:36:39.6907324Z] [Debug] EventSource=OpenTelemetry-Instrumentation-AspNet-Telemetry, Message=Callback='Application_EndRequest' 
[2026-03-17T15:36:39.6907324Z] [Debug] EventSource=OpenTelemetry-Sdk, Message=Activity stopped. Name = 'GET', Id = '00-42c1ad0f34768c6a17286fa0ca1ee140-f21e44041127de12-01'. 
[2026-03-17T15:36:39.6907324Z] [Debug] EventSource=OpenTelemetry-Instrumentation-AspNet-Telemetry, Message=Activity stopped, Id='00-42c1ad0f34768c6a17286fa0ca1ee140-f21e44041127de12-01' 
[2026-03-17T15:36:40.9925585Z] [Debug] EventSource=OpenTelemetry-Instrumentation-AspNet-Telemetry, Message=Callback='Application_BeginRequest' 
[2026-03-17T15:36:40.9925585Z] [Debug] EventSource=OpenTelemetry-Sdk, Message=Activity started. Name = 'GET', Id = '00-f15645d7f9e3cecb28dba8a80ea4ae92-c7feb4509a4ad56f-01'. 
[2026-03-17T15:36:40.9925585Z] [Debug] EventSource=OpenTelemetry-Instrumentation-AspNet-Telemetry, Message=Activity started, Id='00-f15645d7f9e3cecb28dba8a80ea4ae92-c7feb4509a4ad56f-01' 
[2026-03-17T15:36:41.0082405Z] [Debug] EventSource=OpenTelemetry-Instrumentation-AspNet-Telemetry, Message=Callback='Application_EndRequest' 
[2026-03-17T15:36:41.0082405Z] [Debug] EventSource=OpenTelemetry-Sdk, Message=Activity stopped. Name = 'GET', Id = '00-f15645d7f9e3cecb28dba8a80ea4ae92-c7feb4509a4ad56f-01'. 
[2026-03-17T15:36:41.0082405Z] [Debug] EventSource=OpenTelemetry-Instrumentation-AspNet-Telemetry, Message=Activity stopped, Id='00-f15645d7f9e3cecb28dba8a80ea4ae92-c7feb4509a4ad56f-01' 
[2026-03-17T15:36:43.1142676Z] [Warning] EventSource=OpenTelemetry-Api, Message=Failed to inject activity context in format: 'TraceContextPropagator', context: 'Invalid context'. 
[2026-03-17T15:36:43.1172675Z] [Information] EventSource=OpenTelemetry-Exporter-OpenTelemetryProtocol, Message=Export succeeded for http://localhost:4318/v1/traces. Message: Export completed successfully. 
[2026-03-17T15:36:44.7090827Z] [Debug] EventSource=OpenTelemetry-Instrumentation-AspNet-Telemetry, Message=Callback='Application_BeginRequest' 
[2026-03-17T15:36:44.7090827Z] [Debug] EventSource=OpenTelemetry-Sdk, Message=Activity started. Name = 'GET', Id = '00-8b824cb1563956eaea785983be675b78-6f28b382f31f6754-01'. 
[2026-03-17T15:36:44.7090827Z] [Debug] EventSource=OpenTelemetry-Instrumentation-AspNet-Telemetry, Message=Activity started, Id='00-8b824cb1563956eaea785983be675b78-6f28b382f31f6754-01' 
[2026-03-17T15:36:44.7100831Z] [Debug] EventSource=OpenTelemetry-Instrumentation-AspNet-Telemetry, Message=Callback='Application_EndRequest' 
[2026-03-17T15:36:44.7100831Z] [Debug] EventSource=OpenTelemetry-Sdk, Message=Activity stopped. Name = 'GET', Id = '00-8b824cb1563956eaea785983be675b78-6f28b382f31f6754-01'. 
[2026-03-17T15:36:44.7100831Z] [Debug] EventSource=OpenTelemetry-Instrumentation-AspNet-Telemetry, Message=Activity stopped, Id='00-8b824cb1563956eaea785983be675b78-6f28b382f31f6754-01' 
[2026-03-17T15:36:46.0207581Z] [Debug] EventSource=OpenTelemetry-Instrumentation-AspNet-Telemetry, Message=Callback='Application_BeginRequest' 
[2026-03-17T15:36:46.0207581Z] [Debug] EventSource=OpenTelemetry-Sdk, Message=Activity started. Name = 'GET', Id = '00-a582041bbc7d79d5bc2f5ffcb19f34ad-a5bfc6d3eff3ea59-01'. 
[2026-03-17T15:36:46.0207581Z] [Debug] EventSource=OpenTelemetry-Instrumentation-AspNet-Telemetry, Message=Activity started, Id='00-a582041bbc7d79d5bc2f5ffcb19f34ad-a5bfc6d3eff3ea59-01' 
[2026-03-17T15:36:46.0207581Z] [Debug] EventSource=OpenTelemetry-Instrumentation-AspNet-Telemetry, Message=Callback='Application_EndRequest' 
[2026-03-17T15:36:46.0207581Z] [Debug] EventSource=OpenTelemetry-Sdk, Message=Activity stopped. Name = 'GET', Id = '00-a582041bbc7d79d5bc2f5ffcb19f34ad-a5bfc6d3eff3ea59-01'. 
[2026-03-17T15:36:46.0207581Z] [Debug] EventSource=OpenTelemetry-Instrumentation-AspNet-Telemetry, Message=Activity stopped, Id='00-a582041bbc7d79d5bc2f5ffcb19f34ad-a5bfc6d3eff3ea59-01' 
[2026-03-17T15:36:48.1301139Z] [Warning] EventSource=OpenTelemetry-Api, Message=Failed to inject activity context in format: 'TraceContextPropagator', context: 'Invalid context'. 
[2026-03-17T15:36:48.1323226Z] [Information] EventSource=OpenTelemetry-Exporter-OpenTelemetryProtocol, Message=Export succeeded for http://localhost:4318/v1/traces. Message: Export completed successfully. 
[2026-03-17T15:36:49.6518915Z] [Debug] EventSource=OpenTelemetry-Instrumentation-AspNet-Telemetry, Message=Callback='Application_BeginRequest' 
[2026-03-17T15:36:49.6518915Z] [Debug] EventSource=OpenTelemetry-Sdk, Message=Activity started. Name = 'GET', Id = '00-52bae4b48de453fe07ea644f8ce03be3-c2686fdb815d117d-01'. 
[2026-03-17T15:36:49.6518915Z] [Debug] EventSource=OpenTelemetry-Instrumentation-AspNet-Telemetry, Message=Activity started, Id='00-52bae4b48de453fe07ea644f8ce03be3-c2686fdb815d117d-01' 
[2026-03-17T15:36:49.6529293Z] [Debug] EventSource=OpenTelemetry-Instrumentation-AspNet-Telemetry, Message=Callback='Application_EndRequest' 
[2026-03-17T15:36:49.6529293Z] [Debug] EventSource=OpenTelemetry-Sdk, Message=Activity stopped. Name = 'GET', Id = '00-52bae4b48de453fe07ea644f8ce03be3-c2686fdb815d117d-01'. 
[2026-03-17T15:36:49.6529293Z] [Debug] EventSource=OpenTelemetry-Instrumentation-AspNet-Telemetry, Message=Activity stopped, Id='00-52bae4b48de453fe07ea644f8ce03be3-c2686fdb815d117d-01' 
[2026-03-17T15:36:51.0250951Z] [Debug] EventSource=OpenTelemetry-Instrumentation-AspNet-Telemetry, Message=Callback='Application_BeginRequest' 
[2026-03-17T15:36:51.0250951Z] [Debug] EventSource=OpenTelemetry-Sdk, Message=Activity started. Name = 'GET', Id = '00-5a3f9b8352b7b149e3d3edadcdf9e264-2550d1ddec3c5a47-01'. 
[2026-03-17T15:36:51.0250951Z] [Debug] EventSource=OpenTelemetry-Instrumentation-AspNet-Telemetry, Message=Activity started, Id='00-5a3f9b8352b7b149e3d3edadcdf9e264-2550d1ddec3c5a47-01' 
[2026-03-17T15:36:51.0250951Z] [Debug] EventSource=OpenTelemetry-Instrumentation-AspNet-Telemetry, Message=Callback='Application_EndRequest' 
[2026-03-17T15:36:51.0250951Z] [Debug] EventSource=OpenTelemetry-Sdk, Message=Activity stopped. Name = 'GET', Id = '00-5a3f9b8352b7b149e3d3edadcdf9e264-2550d1ddec3c5a47-01'. 
[2026-03-17T15:36:51.0250951Z] [Debug] EventSource=OpenTelemetry-Instrumentation-AspNet-Telemetry, Message=Activity stopped, Id='00-5a3f9b8352b7b149e3d3edadcdf9e264-2550d1ddec3c5a47-01' 
[2026-03-17T15:36:53.1325435Z] [Warning] EventSource=OpenTelemetry-Api, Message=Failed to inject activity context in format: 'TraceContextPropagator', context: 'Invalid context'. 
[2026-03-17T15:36:53.1338909Z] [Information] EventSource=OpenTelemetry-Exporter-OpenTelemetryProtocol, Message=Export succeeded for http://localhost:4318/v1/traces. Message: Export completed successfully. 
[2026-03-17T15:36:54.6541159Z] [Debug] EventSource=OpenTelemetry-Instrumentation-AspNet-Telemetry, Message=Callback='Application_BeginRequest' 
[2026-03-17T15:36:54.6541159Z] [Debug] EventSource=OpenTelemetry-Sdk, Message=Activity started. Name = 'GET', Id = '00-e06bcc51124af42a0ac5f3a7642944a8-cb6d09017237ec4e-01'. 
[2026-03-17T15:36:54.6541159Z] [Debug] EventSource=OpenTelemetry-Instrumentation-AspNet-Telemetry, Message=Activity started, Id='00-e06bcc51124af42a0ac5f3a7642944a8-cb6d09017237ec4e-01' 
[2026-03-17T15:36:54.6541159Z] [Debug] EventSource=OpenTelemetry-Instrumentation-AspNet-Telemetry, Message=Callback='Application_EndRequest' 
[2026-03-17T15:36:54.6541159Z] [Debug] EventSource=OpenTelemetry-Sdk, Message=Activity stopped. Name = 'GET', Id = '00-e06bcc51124af42a0ac5f3a7642944a8-cb6d09017237ec4e-01'. 
[2026-03-17T15:36:54.6541159Z] [Debug] EventSource=OpenTelemetry-Instrumentation-AspNet-Telemetry, Message=Activity stopped, Id='00-e06bcc51124af42a0ac5f3a7642944a8-cb6d09017237ec4e-01' 
[2026-03-17T15:36:56.0061508Z] [Debug] EventSource=OpenTelemetry-Instrumentation-AspNet-Telemetry, Message=Callback='Application_BeginRequest' 
[2026-03-17T15:36:56.0061508Z] [Debug] EventSource=OpenTelemetry-Sdk, Message=Activity started. Name = 'GET', Id = '00-8644122b6c558f614106d3454fcc3fab-ca8844a6835d6219-01'. 
[2026-03-17T15:36:56.0061508Z] [Debug] EventSource=OpenTelemetry-Instrumentation-AspNet-Telemetry, Message=Activity started, Id='00-8644122b6c558f614106d3454fcc3fab-ca8844a6835d6219-01' 
[2026-03-17T15:36:56.0061508Z] [Debug] EventSource=OpenTelemetry-Instrumentation-AspNet-Telemetry, Message=Callback='Application_EndRequest' 
[2026-03-17T15:36:56.0071523Z] [Debug] EventSource=OpenTelemetry-Sdk, Message=Activity stopped. Name = 'GET', Id = '00-8644122b6c558f614106d3454fcc3fab-ca8844a6835d6219-01'. 
[2026-03-17T15:36:56.0071523Z] [Debug] EventSource=OpenTelemetry-Instrumentation-AspNet-Telemetry, Message=Activity stopped, Id='00-8644122b6c558f614106d3454fcc3fab-ca8844a6835d6219-01' 
[2026-03-17T15:36:58.1423065Z] [Warning] EventSource=OpenTelemetry-Api, Message=Failed to inject activity context in format: 'TraceContextPropagator', context: 'Invalid context'. 
[2026-03-17T15:36:58.1442742Z] [Information] EventSource=OpenTelemetry-Exporter-OpenTelemetryProtocol, Message=Export succeeded for http://localhost:4318/v1/traces. Message: Export completed successfully. 
[2026-03-17T15:36:59.6860350Z] [Debug] EventSource=OpenTelemetry-Instrumentation-AspNet-Telemetry, Message=Callback='Application_BeginRequest' 
[2026-03-17T15:36:59.6860350Z] [Debug] EventSource=OpenTelemetry-Sdk, Message=Activity started. Name = 'GET', Id = '00-fd8e0242bae4f93a13dbdd8feac17c69-91d02e5d8759cc40-01'. 
[2026-03-17T15:36:59.6860350Z] [Debug] EventSource=OpenTelemetry-Instrumentation-AspNet-Telemetry, Message=Activity started, Id='00-fd8e0242bae4f93a13dbdd8feac17c69-91d02e5d8759cc40-01' 
[2026-03-17T15:36:59.6860350Z] [Debug] EventSource=OpenTelemetry-Instrumentation-AspNet-Telemetry, Message=Callback='Application_EndRequest' 
[2026-03-17T15:36:59.6860350Z] [Debug] EventSource=OpenTelemetry-Sdk, Message=Activity stopped. Name = 'GET', Id = '00-fd8e0242bae4f93a13dbdd8feac17c69-91d02e5d8759cc40-01'. 
[2026-03-17T15:36:59.6860350Z] [Debug] EventSource=OpenTelemetry-Instrumentation-AspNet-Telemetry, Message=Activity stopped, Id='00-fd8e0242bae4f93a13dbdd8feac17c69-91d02e5d8759cc40-01' 
[2026-03-17T15:37:00.9782095Z] [Debug] EventSource=OpenTelemetry-Instrumentation-AspNet-Telemetry, Message=Callback='Application_BeginRequest' 
[2026-03-17T15:37:00.9782095Z] [Debug] EventSource=OpenTelemetry-Sdk, Message=Activity started. Name = 'GET', Id = '00-54d3fa11071dc9ad60e6c3079bce7fcc-12023d443c546e57-01'. 
[2026-03-17T15:37:00.9782095Z] [Debug] EventSource=OpenTelemetry-Instrumentation-AspNet-Telemetry, Message=Activity started, Id='00-54d3fa11071dc9ad60e6c3079bce7fcc-12023d443c546e57-01' 
[2026-03-17T15:37:00.9782095Z] [Debug] EventSource=OpenTelemetry-Instrumentation-AspNet-Telemetry, Message=Callback='Application_EndRequest' 
[2026-03-17T15:37:00.9782095Z] [Debug] EventSource=OpenTelemetry-Sdk, Message=Activity stopped. Name = 'GET', Id = '00-54d3fa11071dc9ad60e6c3079bce7fcc-12023d443c546e57-01'. 
[2026-03-17T15:37:00.9782095Z] [Debug] EventSource=OpenTelemetry-Instrumentation-AspNet-Telemetry, Message=Activity stopped, Id='00-54d3fa11071dc9ad60e6c3079bce7fcc-12023d443c546e57-01' 
[2026-03-17T15:37:02.7273728Z] [Debug] EventSource=OpenTelemetry-Sdk, Message=MetricReader event: 'PeriodicExportingMetricReader calling MetricReader.Collect because the export interval has elapsed.' 
[2026-03-17T15:37:02.7273728Z] [Debug] EventSource=OpenTelemetry-Sdk, Message=MetricReader event: 'MetricReader.Collect method called.' 
[2026-03-17T15:37:02.7273728Z] [Debug] EventSource=OpenTelemetry-Sdk, Message=MetricReader event: 'MetricReader.OnCollect called.' 
[2026-03-17T15:37:02.7273728Z] [Debug] EventSource=OpenTelemetry-Sdk, Message=MetricReader event: 'Observable instruments collected.' 
[2026-03-17T15:37:02.7273728Z] [Debug] EventSource=OpenTelemetry-Sdk, Message=MetricReader event: 'ProcessMetrics called.' 
[2026-03-17T15:37:02.7273728Z] [Debug] EventSource=OpenTelemetry-Sdk, Message=MetricReader event: 'BaseExportingMetricReader calling OpenTelemetry.Exporter.OtlpMetricExporter.Export method.' 
[2026-03-17T15:37:02.7273728Z] [Warning] EventSource=OpenTelemetry-Api, Message=Failed to inject activity context in format: 'TraceContextPropagator', context: 'Invalid context'. 
[2026-03-17T15:37:02.7404106Z] [Error] EventSource=OpenTelemetry-Exporter-OpenTelemetryProtocol, Message=HTTP request to http://localhost:4318/v1/metrics failed. Response: . Exception: System.Net.Http.HttpRequestException: Response status code does not indicate success: 404 (Not Found).
   at System.Net.Http.HttpResponseMessage.EnsureSuccessStatusCode()
   at OpenTelemetry.Exporter.OpenTelemetryProtocol.Implementation.ExportClient.OtlpHttpExportClient.SendExportRequest(Byte[] buffer, Int32 contentLength, DateTime deadlineUtc, CancellationToken cancellationToken) 
[2026-03-17T15:37:02.7404106Z] [Debug] EventSource=OpenTelemetry-Sdk, Message=MetricReader event: 'OpenTelemetry.Exporter.OtlpMetricExporter.Export failed.' 
[2026-03-17T15:37:02.7404106Z] [Debug] EventSource=OpenTelemetry-Sdk, Message=MetricReader event: 'ProcessMetrics failed.' 
[2026-03-17T15:37:02.7404106Z] [Debug] EventSource=OpenTelemetry-Sdk, Message=MetricReader event: 'MetricReader.Collect failed.' 
[2026-03-17T15:37:03.1448693Z] [Warning] EventSource=OpenTelemetry-Api, Message=Failed to inject activity context in format: 'TraceContextPropagator', context: 'Invalid context'. 
[2026-03-17T15:37:03.1468507Z] [Information] EventSource=OpenTelemetry-Exporter-OpenTelemetryProtocol, Message=Export succeeded for http://localhost:4318/v1/traces. Message: Export completed successfully. 
[2026-03-17T15:37:04.6643496Z] [Debug] EventSource=OpenTelemetry-Instrumentation-AspNet-Telemetry, Message=Callback='Application_BeginRequest' 
[2026-03-17T15:37:04.6643496Z] [Debug] EventSource=OpenTelemetry-Sdk, Message=Activity started. Name = 'GET', Id = '00-8a8a98811ead4d3ff8e5b80f6b70d70f-ffd972a5ea848343-01'. 
[2026-03-17T15:37:04.6643496Z] [Debug] EventSource=OpenTelemetry-Instrumentation-AspNet-Telemetry, Message=Activity started, Id='00-8a8a98811ead4d3ff8e5b80f6b70d70f-ffd972a5ea848343-01' 
[2026-03-17T15:37:04.6643496Z] [Debug] EventSource=OpenTelemetry-Instrumentation-AspNet-Telemetry, Message=Callback='Application_EndRequest' 
[2026-03-17T15:37:04.6643496Z] [Debug] EventSource=OpenTelemetry-Sdk, Message=Activity stopped. Name = 'GET', Id = '00-8a8a98811ead4d3ff8e5b80f6b70d70f-ffd972a5ea848343-01'. 
[2026-03-17T15:37:04.6643496Z] [Debug] EventSource=OpenTelemetry-Instrumentation-AspNet-Telemetry, Message=Activity stopped, Id='00-8a8a98811ead4d3ff8e5b80f6b70d70f-ffd972a5ea848343-01' 
[2026-03-17T15:37:05.9660083Z] [Debug] EventSource=OpenTelemetry-Instrumentation-AspNet-Telemetry, Message=Callback='Application_BeginRequest' 
[2026-03-17T15:37:05.9660083Z] [Debug] EventSource=OpenTelemetry-Sdk, Message=Activity started. Name = 'GET', Id = '00-86a19b3843e4604039846041f62bd595-6166b059d81fe81b-01'. 
[2026-03-17T15:37:05.9660083Z] [Debug] EventSource=OpenTelemetry-Instrumentation-AspNet-Telemetry, Message=Activity started, Id='00-86a19b3843e4604039846041f62bd595-6166b059d81fe81b-01' 
[2026-03-17T15:37:05.9660083Z] [Debug] EventSource=OpenTelemetry-Instrumentation-AspNet-Telemetry, Message=Callback='Application_EndRequest' 
[2026-03-17T15:37:05.9660083Z] [Debug] EventSource=OpenTelemetry-Sdk, Message=Activity stopped. Name = 'GET', Id = '00-86a19b3843e4604039846041f62bd595-6166b059d81fe81b-01'. 
[2026-03-17T15:37:05.9660083Z] [Debug] EventSource=OpenTelemetry-Instrumentation-AspNet-Telemetry, Message=Activity stopped, Id='00-86a19b3843e4604039846041f62bd595-6166b059d81fe81b-01' 
[2026-03-17T15:37:06.2862852Z] [Debug] EventSource=OpenTelemetry-Sdk, Message=Activity started. Name = 'AVAFX_General', Id = '00-15e6a69003b7edd17ca736747a4ac72a-2459598dcd6928b0-01'. 
[2026-03-17T15:37:06.2862852Z] [Debug] EventSource=OpenTelemetry-Sdk, Message=Activity stopped. Name = 'AVAFX_General', Id = '00-15e6a69003b7edd17ca736747a4ac72a-2459598dcd6928b0-01'. 
[2026-03-17T15:37:08.1494469Z] [Warning] EventSource=OpenTelemetry-Api, Message=Failed to inject activity context in format: 'TraceContextPropagator', context: 'Invalid context'. 
[2026-03-17T15:37:08.1514299Z] [Information] EventSource=OpenTelemetry-Exporter-OpenTelemetryProtocol, Message=Export succeeded for http://localhost:4318/v1/traces. Message: Export completed successfully. 
[2026-03-17T15:37:09.6875560Z] [Debug] EventSource=OpenTelemetry-Instrumentation-AspNet-Telemetry, Message=Callback='Application_BeginRequest' 
[2026-03-17T15:37:09.6875560Z] [Debug] EventSource=OpenTelemetry-Sdk, Message=Activity started. Name = 'GET', Id = '00-ca9d668230e4d6267289e3c9853a793e-ed04cd3ac56e21c5-01'. 
[2026-03-17T15:37:09.6875560Z] [Debug] EventSource=OpenTelemetry-Instrumentation-AspNet-Telemetry, Message=Activity started, Id='00-ca9d668230e4d6267289e3c9853a793e-ed04cd3ac56e21c5-01' 
[2026-03-17T15:37:09.6875560Z] [Debug] EventSource=OpenTelemetry-Instrumentation-AspNet-Telemetry, Message=Callback='Application_EndRequest' 
[2026-03-17T15:37:09.6875560Z] [Debug] EventSource=OpenTelemetry-Sdk, Message=Activity stopped. Name = 'GET', Id = '00-ca9d668230e4d6267289e3c9853a793e-ed04cd3ac56e21c5-01'. 
[2026-03-17T15:37:09.6875560Z] [Debug] EventSource=OpenTelemetry-Instrumentation-AspNet-Telemetry, Message=Activity stopped, Id='00-ca9d668230e4d6267289e3c9853a793e-ed04cd3ac56e21c5-01' 
[2026-03-17T15:37:11.0460377Z] [Debug] EventSource=OpenTelemetry-Instrumentation-AspNet-Telemetry, Message=Callback='Application_BeginRequest' 
[2026-03-17T15:37:11.0460377Z] [Debug] EventSource=OpenTelemetry-Sdk, Message=Activity started. Name = 'GET', Id = '00-1929533bc564c4f6e3ceb45f88b7c2b6-a0f369d40a530a7f-01'. 
[2026-03-17T15:37:11.0460377Z] [Debug] EventSource=OpenTelemetry-Instrumentation-AspNet-Telemetry, Message=Activity started, Id='00-1929533bc564c4f6e3ceb45f88b7c2b6-a0f369d40a530a7f-01' 
[2026-03-17T15:37:11.0460377Z] [Debug] EventSource=OpenTelemetry-Instrumentation-AspNet-Telemetry, Message=Callback='Application_EndRequest' 
[2026-03-17T15:37:11.0460377Z] [Debug] EventSource=OpenTelemetry-Sdk, Message=Activity stopped. Name = 'GET', Id = '00-1929533bc564c4f6e3ceb45f88b7c2b6-a0f369d40a530a7f-01'. 
[2026-03-17T15:37:11.0460377Z] [Debug] EventSource=OpenTelemetry-Instrumentation-AspNet-Telemetry, Message=Activity stopped, Id='00-1929533bc564c4f6e3ceb45f88b7c2b6-a0f369d40a530a7f-01' 
[2026-03-17T15:37:13.1557795Z] [Warning] EventSource=OpenTelemetry-Api, Message=Failed to inject activity context in format: 'TraceContextPropagator', context: 'Invalid context'. 
[2026-03-17T15:37:13.1576904Z] [Information] EventSource=OpenTelemetry-Exporter-OpenTelemetryProtocol, Message=Export succeeded for http://localhost:4318/v1/traces. Message: Export completed successfully. 
[2026-03-17T15:37:14.7167276Z] [Debug] EventSource=OpenTelemetry-Instrumentation-AspNet-Telemetry, Message=Callback='Application_BeginRequest' 
[2026-03-17T15:37:14.7167276Z] [Debug] EventSource=OpenTelemetry-Sdk, Message=Activity started. Name = 'GET', Id = '00-18df7125f50a70cecf0c147c03d3d450-e41cb80839bea6c2-01'. 
[2026-03-17T15:37:14.7167276Z] [Debug] EventSource=OpenTelemetry-Instrumentation-AspNet-Telemetry, Message=Activity started, Id='00-18df7125f50a70cecf0c147c03d3d450-e41cb80839bea6c2-01' 
[2026-03-17T15:37:14.7167276Z] [Debug] EventSource=OpenTelemetry-Instrumentation-AspNet-Telemetry, Message=Callback='Application_EndRequest' 
[2026-03-17T15:37:14.7167276Z] [Debug] EventSource=OpenTelemetry-Sdk, Message=Activity stopped. Name = 'GET', Id = '00-18df7125f50a70cecf0c147c03d3d450-e41cb80839bea6c2-01'. 
[2026-03-17T15:37:14.7167276Z] [Debug] EventSource=OpenTelemetry-Instrumentation-AspNet-Telemetry, Message=Activity stopped, Id='00-18df7125f50a70cecf0c147c03d3d450-e41cb80839bea6c2-01' 
[2026-03-17T15:37:16.0355619Z] [Debug] EventSource=OpenTelemetry-Instrumentation-AspNet-Telemetry, Message=Callback='Application_BeginRequest' 
[2026-03-17T15:37:16.0365752Z] [Debug] EventSource=OpenTelemetry-Sdk, Message=Activity started. Name = 'GET', Id = '00-936b35036dac583dd9e7cc5b99b0de71-ae02c04292dc2e92-01'. 
[2026-03-17T15:37:16.0365752Z] [Debug] EventSource=OpenTelemetry-Instrumentation-AspNet-Telemetry, Message=Activity started, Id='00-936b35036dac583dd9e7cc5b99b0de71-ae02c04292dc2e92-01' 
[2026-03-17T15:37:16.0375705Z] [Debug] EventSource=OpenTelemetry-Instrumentation-AspNet-Telemetry, Message=Callback='Application_EndRequest' 
[2026-03-17T15:37:16.0375705Z] [Debug] EventSource=OpenTelemetry-Sdk, Message=Activity stopped. Name = 'GET', Id = '00-936b35036dac583dd9e7cc5b99b0de71-ae02c04292dc2e92-01'. 
[2026-03-17T15:37:16.0375705Z] [Debug] EventSource=OpenTelemetry-Instrumentation-AspNet-Telemetry, Message=Activity stopped, Id='00-936b35036dac583dd9e7cc5b99b0de71-ae02c04292dc2e92-01' 
[2026-03-17T15:37:18.1691470Z] [Warning] EventSource=OpenTelemetry-Api, Message=Failed to inject activity context in format: 'TraceContextPropagator', context: 'Invalid context'. 
[2026-03-17T15:37:18.1716432Z] [Information] EventSource=OpenTelemetry-Exporter-OpenTelemetryProtocol, Message=Export succeeded for http://localhost:4318/v1/traces. Message: Export completed successfully. 
[2026-03-17T15:37:19.7172620Z] [Debug] EventSource=OpenTelemetry-Instrumentation-AspNet-Telemetry, Message=Callback='Application_BeginRequest' 
[2026-03-17T15:37:19.7172620Z] [Debug] EventSource=OpenTelemetry-Sdk, Message=Activity started. Name = 'GET', Id = '00-a1cbe6e0656a12604e8007ea02c83027-a8d7bb1fc2bf6374-01'. 
[2026-03-17T15:37:19.7172620Z] [Debug] EventSource=OpenTelemetry-Instrumentation-AspNet-Telemetry, Message=Activity started, Id='00-a1cbe6e0656a12604e8007ea02c83027-a8d7bb1fc2bf6374-01' 
[2026-03-17T15:37:19.7330856Z] [Debug] EventSource=OpenTelemetry-Instrumentation-AspNet-Telemetry, Message=Callback='Application_EndRequest' 
[2026-03-17T15:37:19.7330856Z] [Debug] EventSource=OpenTelemetry-Sdk, Message=Activity stopped. Name = 'GET', Id = '00-a1cbe6e0656a12604e8007ea02c83027-a8d7bb1fc2bf6374-01'. 
[2026-03-17T15:37:19.7330856Z] [Debug] EventSource=OpenTelemetry-Instrumentation-AspNet-Telemetry, Message=Activity stopped, Id='00-a1cbe6e0656a12604e8007ea02c83027-a8d7bb1fc2bf6374-01' 
[2026-03-17T15:37:20.9959346Z] [Debug] EventSource=OpenTelemetry-Instrumentation-AspNet-Telemetry, Message=Callback='Application_BeginRequest' 
[2026-03-17T15:37:20.9959346Z] [Debug] EventSource=OpenTelemetry-Sdk, Message=Activity started. Name = 'GET', Id = '00-25d6381fead433c17688d51129ae67f3-76b2d7ca806403ef-01'. 
[2026-03-17T15:37:20.9959346Z] [Debug] EventSource=OpenTelemetry-Instrumentation-AspNet-Telemetry, Message=Activity started, Id='00-25d6381fead433c17688d51129ae67f3-76b2d7ca806403ef-01' 
[2026-03-17T15:37:20.9959346Z] [Debug] EventSource=OpenTelemetry-Instrumentation-AspNet-Telemetry, Message=Callback='Application_EndRequest' 
[2026-03-17T15:37:20.9959346Z] [Debug] EventSource=OpenTelemetry-Sdk, Message=Activity stopped. Name = 'GET', Id = '00-25d6381fead433c17688d51129ae67f3-76b2d7ca806403ef-01'. 
[2026-03-17T15:37:20.9959346Z] [Debug] EventSource=OpenTelemetry-Instrumentation-AspNet-Telemetry, Message=Activity stopped, Id='00-25d6381fead433c17688d51129ae67f3-76b2d7ca806403ef-01' 
[2026-03-17T15:37:23.1761775Z] [Warning] EventSource=OpenTelemetry-Api, Message=Failed to inject activity context in format: 'TraceContextPropagator', context: 'Invalid context'. 
[2026-03-17T15:37:23.1785796Z] [Information] EventSource=OpenTelemetry-Exporter-OpenTelemetryProtocol, Message=Export succeeded for http://localhost:4318/v1/traces. Message: Export completed successfully. 
[2026-03-17T15:37:24.6714463Z] [Debug] EventSource=OpenTelemetry-Instrumentation-AspNet-Telemetry, Message=Callback='Application_BeginRequest' 
[2026-03-17T15:37:24.6714463Z] [Debug] EventSource=OpenTelemetry-Sdk, Message=Activity started. Name = 'GET', Id = '00-73d66bb51ed8637e5e54aecf92cca298-88845a469a7dfef5-01'. 
[2026-03-17T15:37:24.6714463Z] [Debug] EventSource=OpenTelemetry-Instrumentation-AspNet-Telemetry, Message=Activity started, Id='00-73d66bb51ed8637e5e54aecf92cca298-88845a469a7dfef5-01' 
[2026-03-17T15:37:24.6714463Z] [Debug] EventSource=OpenTelemetry-Instrumentation-AspNet-Telemetry, Message=Callback='Application_EndRequest' 
[2026-03-17T15:37:24.6714463Z] [Debug] EventSource=OpenTelemetry-Sdk, Message=Activity stopped. Name = 'GET', Id = '00-73d66bb51ed8637e5e54aecf92cca298-88845a469a7dfef5-01'. 
[2026-03-17T15:37:24.6714463Z] [Debug] EventSource=OpenTelemetry-Instrumentation-AspNet-Telemetry, Message=Activity stopped, Id='00-73d66bb51ed8637e5e54aecf92cca298-88845a469a7dfef5-01' 
[2026-03-17T15:37:25.9584822Z] [Debug] EventSource=OpenTelemetry-Instrumentation-AspNet-Telemetry, Message=Callback='Application_BeginRequest' 
[2026-03-17T15:37:25.9584822Z] [Debug] EventSource=OpenTelemetry-Sdk, Message=Activity started. Name = 'GET', Id = '00-08055b28a52de1b9c7e0fb151eaecaec-0b7bb5bc0314ffed-01'. 
[2026-03-17T15:37:25.9584822Z] [Debug] EventSource=OpenTelemetry-Instrumentation-AspNet-Telemetry, Message=Activity started, Id='00-08055b28a52de1b9c7e0fb151eaecaec-0b7bb5bc0314ffed-01' 
[2026-03-17T15:37:25.9584822Z] [Debug] EventSource=OpenTelemetry-Instrumentation-AspNet-Telemetry, Message=Callback='Application_EndRequest' 
[2026-03-17T15:37:25.9584822Z] [Debug] EventSource=OpenTelemetry-Sdk, Message=Activity stopped. Name = 'GET', Id = '00-08055b28a52de1b9c7e0fb151eaecaec-0b7bb5bc0314ffed-01'. 
[2026-03-17T15:37:25.9584822Z] [Debug] EventSource=OpenTelemetry-Instrumentation-AspNet-Telemetry, Message=Activity stopped, Id='00-08055b28a52de1b9c7e0fb151eaecaec-0b7bb5bc0314ffed-01' 
[2026-03-17T15:37:28.1873714Z] [Warning] EventSource=OpenTelemetry-Api, Message=Failed to inject activity context in format: 'TraceContextPropagator', context: 'Invalid context'. 
[2026-03-17T15:37:28.1898617Z] [Information] EventSource=OpenTelemetry-Exporter-OpenTelemetryProtocol, Message=Export succeeded for http://localhost:4318/v1/traces. Message: Export completed successfully. 
[2026-03-17T15:37:29.6828142Z] [Debug] EventSource=OpenTelemetry-Instrumentation-AspNet-Telemetry, Message=Callback='Application_BeginRequest' 
[2026-03-17T15:37:29.6828142Z] [Debug] EventSource=OpenTelemetry-Sdk, Message=Activity started. Name = 'GET', Id = '00-8a82900351e25c949a08fa41767f6156-8dd81c425f7ae81e-01'. 
[2026-03-17T15:37:29.6828142Z] [Debug] EventSource=OpenTelemetry-Instrumentation-AspNet-Telemetry, Message=Activity started, Id='00-8a82900351e25c949a08fa41767f6156-8dd81c425f7ae81e-01' 
[2026-03-17T15:37:29.6828142Z] [Debug] EventSource=OpenTelemetry-Instrumentation-AspNet-Telemetry, Message=Callback='Application_EndRequest' 
[2026-03-17T15:37:29.6828142Z] [Debug] EventSource=OpenTelemetry-Sdk, Message=Activity stopped. Name = 'GET', Id = '00-8a82900351e25c949a08fa41767f6156-8dd81c425f7ae81e-01'. 
[2026-03-17T15:37:29.6828142Z] [Debug] EventSource=OpenTelemetry-Instrumentation-AspNet-Telemetry, Message=Activity stopped, Id='00-8a82900351e25c949a08fa41767f6156-8dd81c425f7ae81e-01' 
[2026-03-17T15:37:30.9560147Z] [Debug] EventSource=OpenTelemetry-Instrumentation-AspNet-Telemetry, Message=Callback='Application_BeginRequest' 
[2026-03-17T15:37:30.9560147Z] [Debug] EventSource=OpenTelemetry-Sdk, Message=Activity started. Name = 'GET', Id = '00-45d00e4bcc07cbea8c7dcfdf5869b90e-9f340ced2ee71764-01'. 
[2026-03-17T15:37:30.9560147Z] [Debug] EventSource=OpenTelemetry-Instrumentation-AspNet-Telemetry, Message=Activity started, Id='00-45d00e4bcc07cbea8c7dcfdf5869b90e-9f340ced2ee71764-01' 
[2026-03-17T15:37:30.9560147Z] [Debug] EventSource=OpenTelemetry-Instrumentation-AspNet-Telemetry, Message=Callback='Application_EndRequest' 
[2026-03-17T15:37:30.9560147Z] [Debug] EventSource=OpenTelemetry-Sdk, Message=Activity stopped. Name = 'GET', Id = '00-45d00e4bcc07cbea8c7dcfdf5869b90e-9f340ced2ee71764-01'. 
[2026-03-17T15:37:30.9560147Z] [Debug] EventSource=OpenTelemetry-Instrumentation-AspNet-Telemetry, Message=Activity stopped, Id='00-45d00e4bcc07cbea8c7dcfdf5869b90e-9f340ced2ee71764-01' 
[2026-03-17T15:37:33.2033714Z] [Warning] EventSource=OpenTelemetry-Api, Message=Failed to inject activity context in format: 'TraceContextPropagator', context: 'Invalid context'. 
[2026-03-17T15:37:33.2055939Z] [Information] EventSource=OpenTelemetry-Exporter-OpenTelemetryProtocol, Message=Export succeeded for http://localhost:4318/v1/traces. Message: Export completed successfully. 
[2026-03-17T15:37:34.6646225Z] [Debug] EventSource=OpenTelemetry-Instrumentation-AspNet-Telemetry, Message=Callback='Application_BeginRequest' 
[2026-03-17T15:37:34.6646225Z] [Debug] EventSource=OpenTelemetry-Sdk, Message=Activity started. Name = 'GET', Id = '00-81747adc5ef6289e6a3c785a65767954-ca28522e5232eaca-01'. 
[2026-03-17T15:37:34.6646225Z] [Debug] EventSource=OpenTelemetry-Instrumentation-AspNet-Telemetry, Message=Activity started, Id='00-81747adc5ef6289e6a3c785a65767954-ca28522e5232eaca-01' 
[2026-03-17T15:37:34.6656189Z] [Debug] EventSource=OpenTelemetry-Instrumentation-AspNet-Telemetry, Message=Callback='Application_EndRequest' 
[2026-03-17T15:37:34.6656189Z] [Debug] EventSource=OpenTelemetry-Sdk, Message=Activity stopped. Name = 'GET', Id = '00-81747adc5ef6289e6a3c785a65767954-ca28522e5232eaca-01'. 
[2026-03-17T15:37:34.6656189Z] [Debug] EventSource=OpenTelemetry-Instrumentation-AspNet-Telemetry, Message=Activity stopped, Id='00-81747adc5ef6289e6a3c785a65767954-ca28522e5232eaca-01' 
[2026-03-17T15:37:36.0488668Z] [Debug] EventSource=OpenTelemetry-Instrumentation-AspNet-Telemetry, Message=Callback='Application_BeginRequest' 
[2026-03-17T15:37:36.0498671Z] [Debug] EventSource=OpenTelemetry-Sdk, Message=Activity started. Name = 'GET', Id = '00-9c35c9500b63c7b074dcc6cb7fe6f2b5-c3156c589f56fdd9-01'. 
[2026-03-17T15:37:36.0498671Z] [Debug] EventSource=OpenTelemetry-Instrumentation-AspNet-Telemetry, Message=Activity started, Id='00-9c35c9500b63c7b074dcc6cb7fe6f2b5-c3156c589f56fdd9-01' 
[2026-03-17T15:37:36.0498671Z] [Debug] EventSource=OpenTelemetry-Instrumentation-AspNet-Telemetry, Message=Callback='Application_EndRequest' 
[2026-03-17T15:37:36.0498671Z] [Debug] EventSource=OpenTelemetry-Sdk, Message=Activity stopped. Name = 'GET', Id = '00-9c35c9500b63c7b074dcc6cb7fe6f2b5-c3156c589f56fdd9-01'. 
[2026-03-17T15:37:36.0498671Z] [Debug] EventSource=OpenTelemetry-Instrumentation-AspNet-Telemetry, Message=Activity stopped, Id='00-9c35c9500b63c7b074dcc6cb7fe6f2b5-c3156c589f56fdd9-01' 
[2026-03-17T15:37:38.2148658Z] [Warning] EventSource=OpenTelemetry-Api, Message=Failed to inject activity context in format: 'TraceContextPropagator', context: 'Invalid context'. 
[2026-03-17T15:37:38.2172006Z] [Information] EventSource=OpenTelemetry-Exporter-OpenTelemetryProtocol, Message=Export succeeded for http://localhost:4318/v1/traces. Message: Export completed successfully. 
[2026-03-17T15:37:39.7181635Z] [Debug] EventSource=OpenTelemetry-Instrumentation-AspNet-Telemetry, Message=Callback='Application_BeginRequest' 
[2026-03-17T15:37:39.7181635Z] [Debug] EventSource=OpenTelemetry-Sdk, Message=Activity started. Name = 'GET', Id = '00-1960324c3c6f4e95dbc00a1949fa20c9-82d4a157f5bfcf1d-01'. 
[2026-03-17T15:37:39.7181635Z] [Debug] EventSource=OpenTelemetry-Instrumentation-AspNet-Telemetry, Message=Activity started, Id='00-1960324c3c6f4e95dbc00a1949fa20c9-82d4a157f5bfcf1d-01' 
[2026-03-17T15:37:39.7181635Z] [Debug] EventSource=OpenTelemetry-Instrumentation-AspNet-Telemetry, Message=Callback='Application_EndRequest' 
[2026-03-17T15:37:39.7181635Z] [Debug] EventSource=OpenTelemetry-Sdk, Message=Activity stopped. Name = 'GET', Id = '00-1960324c3c6f4e95dbc00a1949fa20c9-82d4a157f5bfcf1d-01'. 
[2026-03-17T15:37:39.7181635Z] [Debug] EventSource=OpenTelemetry-Instrumentation-AspNet-Telemetry, Message=Activity stopped, Id='00-1960324c3c6f4e95dbc00a1949fa20c9-82d4a157f5bfcf1d-01' 
[2026-03-17T15:37:41.0084877Z] [Debug] EventSource=OpenTelemetry-Instrumentation-AspNet-Telemetry, Message=Callback='Application_BeginRequest' 
[2026-03-17T15:37:41.0084877Z] [Debug] EventSource=OpenTelemetry-Sdk, Message=Activity started. Name = 'GET', Id = '00-d1373151738ac36bd049cd6ca4477a16-1892b4b97c95b1f3-01'. 
[2026-03-17T15:37:41.0084877Z] [Debug] EventSource=OpenTelemetry-Instrumentation-AspNet-Telemetry, Message=Activity started, Id='00-d1373151738ac36bd049cd6ca4477a16-1892b4b97c95b1f3-01' 
[2026-03-17T15:37:41.0084877Z] [Debug] EventSource=OpenTelemetry-Instrumentation-AspNet-Telemetry, Message=Callback='Application_EndRequest' 
[2026-03-17T15:37:41.0084877Z] [Debug] EventSource=OpenTelemetry-Sdk, Message=Activity stopped. Name = 'GET', Id = '00-d1373151738ac36bd049cd6ca4477a16-1892b4b97c95b1f3-01'. 
[2026-03-17T15:37:41.0084877Z] [Debug] EventSource=OpenTelemetry-Instrumentation-AspNet-Telemetry, Message=Activity stopped, Id='00-d1373151738ac36bd049cd6ca4477a16-1892b4b97c95b1f3-01' 
[2026-03-17T15:37:43.2205026Z] [Warning] EventSource=OpenTelemetry-Api, Message=Failed to inject activity context in format: 'TraceContextPropagator', context: 'Invalid context'. 
[2026-03-17T15:37:43.2224261Z] [Information] EventSource=OpenTelemetry-Exporter-OpenTelemetryProtocol, Message=Export succeeded for http://localhost:4318/v1/traces. Message: Export completed successfully. 
[2026-03-17T15:37:44.7109108Z] [Debug] EventSource=OpenTelemetry-Instrumentation-AspNet-Telemetry, Message=Callback='Application_BeginRequest' 
[2026-03-17T15:37:44.7109108Z] [Debug] EventSource=OpenTelemetry-Sdk, Message=Activity started. Name = 'GET', Id = '00-637573c248ff81aaa5cf463dd484480e-e53fa6702456114e-01'. 
[2026-03-17T15:37:44.7109108Z] [Debug] EventSource=OpenTelemetry-Instrumentation-AspNet-Telemetry, Message=Activity started, Id='00-637573c248ff81aaa5cf463dd484480e-e53fa6702456114e-01' 
[2026-03-17T15:37:44.7109108Z] [Debug] EventSource=OpenTelemetry-Instrumentation-AspNet-Telemetry, Message=Callback='Application_EndRequest' 
[2026-03-17T15:37:44.7109108Z] [Debug] EventSource=OpenTelemetry-Sdk, Message=Activity stopped. Name = 'GET', Id = '00-637573c248ff81aaa5cf463dd484480e-e53fa6702456114e-01'. 
[2026-03-17T15:37:44.7109108Z] [Debug] EventSource=OpenTelemetry-Instrumentation-AspNet-Telemetry, Message=Activity stopped, Id='00-637573c248ff81aaa5cf463dd484480e-e53fa6702456114e-01' 
[2026-03-17T15:37:46.0018033Z] [Debug] EventSource=OpenTelemetry-Instrumentation-AspNet-Telemetry, Message=Callback='Application_BeginRequest' 
[2026-03-17T15:37:46.0018033Z] [Debug] EventSource=OpenTelemetry-Sdk, Message=Activity started. Name = 'GET', Id = '00-7690a775fbdbe2e75d70060c3d1d62e8-3d9ebee8cbc13ffc-01'. 
[2026-03-17T15:37:46.0018033Z] [Debug] EventSource=OpenTelemetry-Instrumentation-AspNet-Telemetry, Message=Activity started, Id='00-7690a775fbdbe2e75d70060c3d1d62e8-3d9ebee8cbc13ffc-01' 
[2026-03-17T15:37:46.0018033Z] [Debug] EventSource=OpenTelemetry-Instrumentation-AspNet-Telemetry, Message=Callback='Application_EndRequest' 
[2026-03-17T15:37:46.0018033Z] [Debug] EventSource=OpenTelemetry-Sdk, Message=Activity stopped. Name = 'GET', Id = '00-7690a775fbdbe2e75d70060c3d1d62e8-3d9ebee8cbc13ffc-01'. 
[2026-03-17T15:37:46.0018033Z] [Debug] EventSource=OpenTelemetry-Instrumentation-AspNet-Telemetry, Message=Activity stopped, Id='00-7690a775fbdbe2e75d70060c3d1d62e8-3d9ebee8cbc13ffc-01' 
[2026-03-17T15:37:48.2321766Z] [Warning] EventSource=OpenTelemetry-Api, Message=Failed to inject activity context in format: 'TraceContextPropagator', context: 'Invalid context'. 
[2026-03-17T15:37:48.2341627Z] [Information] EventSource=OpenTelemetry-Exporter-OpenTelemetryProtocol, Message=Export succeeded for http://localhost:4318/v1/traces. Message: Export completed successfully. 
[2026-03-17T15:37:49.6810876Z] [Debug] EventSource=OpenTelemetry-Instrumentation-AspNet-Telemetry, Message=Callback='Application_BeginRequest' 
[2026-03-17T15:37:49.6810876Z] [Debug] EventSource=OpenTelemetry-Sdk, Message=Activity started. Name = 'GET', Id = '00-3805993fb81adcc86fa9aa96ed513f51-e394cbe913f87697-01'. 
[2026-03-17T15:37:49.6810876Z] [Debug] EventSource=OpenTelemetry-Instrumentation-AspNet-Telemetry, Message=Activity started, Id='00-3805993fb81adcc86fa9aa96ed513f51-e394cbe913f87697-01' 
[2026-03-17T15:37:49.6810876Z] [Debug] EventSource=OpenTelemetry-Instrumentation-AspNet-Telemetry, Message=Callback='Application_EndRequest' 
[2026-03-17T15:37:49.6810876Z] [Debug] EventSource=OpenTelemetry-Sdk, Message=Activity stopped. Name = 'GET', Id = '00-3805993fb81adcc86fa9aa96ed513f51-e394cbe913f87697-01'. 
[2026-03-17T15:37:49.6810876Z] [Debug] EventSource=OpenTelemetry-Instrumentation-AspNet-Telemetry, Message=Activity stopped, Id='00-3805993fb81adcc86fa9aa96ed513f51-e394cbe913f87697-01' 
[2026-03-17T15:37:51.0533814Z] [Debug] EventSource=OpenTelemetry-Instrumentation-AspNet-Telemetry, Message=Callback='Application_BeginRequest' 
[2026-03-17T15:37:51.0543373Z] [Debug] EventSource=OpenTelemetry-Sdk, Message=Activity started. Name = 'GET', Id = '00-520786bc9de3199db094ef26b07ab982-6c2b9bf242cdebb9-01'. 
[2026-03-17T15:37:51.0543373Z] [Debug] EventSource=OpenTelemetry-Instrumentation-AspNet-Telemetry, Message=Activity started, Id='00-520786bc9de3199db094ef26b07ab982-6c2b9bf242cdebb9-01' 
[2026-03-17T15:37:51.0543373Z] [Debug] EventSource=OpenTelemetry-Instrumentation-AspNet-Telemetry, Message=Callback='Application_EndRequest' 
[2026-03-17T15:37:51.0543373Z] [Debug] EventSource=OpenTelemetry-Sdk, Message=Activity stopped. Name = 'GET', Id = '00-520786bc9de3199db094ef26b07ab982-6c2b9bf242cdebb9-01'. 
[2026-03-17T15:37:51.0543373Z] [Debug] EventSource=OpenTelemetry-Instrumentation-AspNet-Telemetry, Message=Activity stopped, Id='00-520786bc9de3199db094ef26b07ab982-6c2b9bf242cdebb9-01' 
[2026-03-17T15:37:53.2405974Z] [Warning] EventSource=OpenTelemetry-Api, Message=Failed to inject activity context in format: 'TraceContextPropagator', context: 'Invalid context'. 
[2026-03-17T15:37:53.2425844Z] [Information] EventSource=OpenTelemetry-Exporter-OpenTelemetryProtocol, Message=Export succeeded for http://localhost:4318/v1/traces. Message: Export completed successfully. 
[2026-03-17T15:37:54.6557361Z] [Debug] EventSource=OpenTelemetry-Instrumentation-AspNet-Telemetry, Message=Callback='Application_BeginRequest' 
[2026-03-17T15:37:54.6557361Z] [Debug] EventSource=OpenTelemetry-Sdk, Message=Activity started. Name = 'GET', Id = '00-2ea2779f3d9b8e29ff4f0e63c3d04c7a-548f4ccebe2440f3-01'. 
[2026-03-17T15:37:54.6557361Z] [Debug] EventSource=OpenTelemetry-Instrumentation-AspNet-Telemetry, Message=Activity started, Id='00-2ea2779f3d9b8e29ff4f0e63c3d04c7a-548f4ccebe2440f3-01' 
[2026-03-17T15:37:54.6557361Z] [Debug] EventSource=OpenTelemetry-Instrumentation-AspNet-Telemetry, Message=Callback='Application_EndRequest' 
[2026-03-17T15:37:54.6557361Z] [Debug] EventSource=OpenTelemetry-Sdk, Message=Activity stopped. Name = 'GET', Id = '00-2ea2779f3d9b8e29ff4f0e63c3d04c7a-548f4ccebe2440f3-01'. 
[2026-03-17T15:37:54.6557361Z] [Debug] EventSource=OpenTelemetry-Instrumentation-AspNet-Telemetry, Message=Activity stopped, Id='00-2ea2779f3d9b8e29ff4f0e63c3d04c7a-548f4ccebe2440f3-01' 
[2026-03-17T15:37:55.9918878Z] [Debug] EventSource=OpenTelemetry-Instrumentation-AspNet-Telemetry, Message=Callback='Application_BeginRequest' 
[2026-03-17T15:37:55.9918878Z] [Debug] EventSource=OpenTelemetry-Sdk, Message=Activity started. Name = 'GET', Id = '00-f05296d2559dca87852e2fbccd2a2203-f6cb2cde18f27d47-01'. 
[2026-03-17T15:37:55.9918878Z] [Debug] EventSource=OpenTelemetry-Instrumentation-AspNet-Telemetry, Message=Activity started, Id='00-f05296d2559dca87852e2fbccd2a2203-f6cb2cde18f27d47-01' 
[2026-03-17T15:37:55.9918878Z] [Debug] EventSource=OpenTelemetry-Instrumentation-AspNet-Telemetry, Message=Callback='Application_EndRequest' 
[2026-03-17T15:37:55.9918878Z] [Debug] EventSource=OpenTelemetry-Sdk, Message=Activity stopped. Name = 'GET', Id = '00-f05296d2559dca87852e2fbccd2a2203-f6cb2cde18f27d47-01'. 
[2026-03-17T15:37:55.9918878Z] [Debug] EventSource=OpenTelemetry-Instrumentation-AspNet-Telemetry, Message=Activity stopped, Id='00-f05296d2559dca87852e2fbccd2a2203-f6cb2cde18f27d47-01' 
[2026-03-17T15:37:58.2425895Z] [Warning] EventSource=OpenTelemetry-Api, Message=Failed to inject activity context in format: 'TraceContextPropagator', context: 'Invalid context'. 
[2026-03-17T15:37:58.2445890Z] [Information] EventSource=OpenTelemetry-Exporter-OpenTelemetryProtocol, Message=Export succeeded for http://localhost:4318/v1/traces. Message: Export completed successfully. 
[2026-03-17T15:37:59.6501108Z] [Debug] EventSource=OpenTelemetry-Instrumentation-AspNet-Telemetry, Message=Callback='Application_BeginRequest' 
[2026-03-17T15:37:59.6501108Z] [Debug] EventSource=OpenTelemetry-Sdk, Message=Activity started. Name = 'GET', Id = '00-3cdf0fc2b41b6908d4add8845a13f051-2552dbb412c5d622-01'. 
[2026-03-17T15:37:59.6501108Z] [Debug] EventSource=OpenTelemetry-Instrumentation-AspNet-Telemetry, Message=Activity started, Id='00-3cdf0fc2b41b6908d4add8845a13f051-2552dbb412c5d622-01' 
[2026-03-17T15:37:59.6501108Z] [Debug] EventSource=OpenTelemetry-Instrumentation-AspNet-Telemetry, Message=Callback='Application_EndRequest' 
[2026-03-17T15:37:59.6501108Z] [Debug] EventSource=OpenTelemetry-Sdk, Message=Activity stopped. Name = 'GET', Id = '00-3cdf0fc2b41b6908d4add8845a13f051-2552dbb412c5d622-01'. 
[2026-03-17T15:37:59.6501108Z] [Debug] EventSource=OpenTelemetry-Instrumentation-AspNet-Telemetry, Message=Activity stopped, Id='00-3cdf0fc2b41b6908d4add8845a13f051-2552dbb412c5d622-01' 
[2026-03-17T15:38:00.9977069Z] [Debug] EventSource=OpenTelemetry-Instrumentation-AspNet-Telemetry, Message=Callback='Application_BeginRequest' 
[2026-03-17T15:38:00.9977069Z] [Debug] EventSource=OpenTelemetry-Sdk, Message=Activity started. Name = 'GET', Id = '00-3bf95e2c2b90731e0a401beed97eb735-ac4ca9f54fd7ac2b-01'. 
[2026-03-17T15:38:00.9977069Z] [Debug] EventSource=OpenTelemetry-Instrumentation-AspNet-Telemetry, Message=Activity started, Id='00-3bf95e2c2b90731e0a401beed97eb735-ac4ca9f54fd7ac2b-01' 
[2026-03-17T15:38:00.9977069Z] [Debug] EventSource=OpenTelemetry-Instrumentation-AspNet-Telemetry, Message=Callback='Application_EndRequest' 
[2026-03-17T15:38:00.9977069Z] [Debug] EventSource=OpenTelemetry-Sdk, Message=Activity stopped. Name = 'GET', Id = '00-3bf95e2c2b90731e0a401beed97eb735-ac4ca9f54fd7ac2b-01'. 
[2026-03-17T15:38:00.9977069Z] [Debug] EventSource=OpenTelemetry-Instrumentation-AspNet-Telemetry, Message=Activity stopped, Id='00-3bf95e2c2b90731e0a401beed97eb735-ac4ca9f54fd7ac2b-01' 
[2026-03-17T15:38:02.7266292Z] [Debug] EventSource=OpenTelemetry-Sdk, Message=MetricReader event: 'PeriodicExportingMetricReader calling MetricReader.Collect because the export interval has elapsed.' 
[2026-03-17T15:38:02.7266292Z] [Debug] EventSource=OpenTelemetry-Sdk, Message=MetricReader event: 'MetricReader.Collect method called.' 
[2026-03-17T15:38:02.7266292Z] [Debug] EventSource=OpenTelemetry-Sdk, Message=MetricReader event: 'MetricReader.OnCollect called.' 
[2026-03-17T15:38:02.7266292Z] [Debug] EventSource=OpenTelemetry-Sdk, Message=MetricReader event: 'Observable instruments collected.' 
[2026-03-17T15:38:02.7266292Z] [Debug] EventSource=OpenTelemetry-Sdk, Message=MetricReader event: 'ProcessMetrics called.' 
[2026-03-17T15:38:02.7266292Z] [Debug] EventSource=OpenTelemetry-Sdk, Message=MetricReader event: 'BaseExportingMetricReader calling OpenTelemetry.Exporter.OtlpMetricExporter.Export method.' 
[2026-03-17T15:38:02.7266292Z] [Warning] EventSource=OpenTelemetry-Api, Message=Failed to inject activity context in format: 'TraceContextPropagator', context: 'Invalid context'. 
[2026-03-17T15:38:02.7429242Z] [Error] EventSource=OpenTelemetry-Exporter-OpenTelemetryProtocol, Message=HTTP request to http://localhost:4318/v1/metrics failed. Response: . Exception: System.Net.Http.HttpRequestException: Response status code does not indicate success: 404 (Not Found).
   at System.Net.Http.HttpResponseMessage.EnsureSuccessStatusCode()
   at OpenTelemetry.Exporter.OpenTelemetryProtocol.Implementation.ExportClient.OtlpHttpExportClient.SendExportRequest(Byte[] buffer, Int32 contentLength, DateTime deadlineUtc, CancellationToken cancellationToken) 
[2026-03-17T15:38:02.7429242Z] [Debug] EventSource=OpenTelemetry-Sdk, Message=MetricReader event: 'OpenTelemetry.Exporter.OtlpMetricExporter.Export failed.' 
[2026-03-17T15:38:02.7429242Z] [Debug] EventSource=OpenTelemetry-Sdk, Message=MetricReader event: 'ProcessMetrics failed.' 
[2026-03-17T15:38:02.7429242Z] [Debug] EventSource=OpenTelemetry-Sdk, Message=MetricReader event: 'MetricReader.Collect failed.' 
[2026-03-17T15:38:03.2594784Z] [Warning] EventSource=OpenTelemetry-Api, Message=Failed to inject activity context in format: 'TraceContextPropagator', context: 'Invalid context'. 
[2026-03-17T15:38:03.2604673Z] [Information] EventSource=OpenTelemetry-Exporter-OpenTelemetryProtocol, Message=Export succeeded for http://localhost:4318/v1/traces. Message: Export completed successfully. 
[2026-03-17T15:38:04.6818824Z] [Debug] EventSource=OpenTelemetry-Instrumentation-AspNet-Telemetry, Message=Callback='Application_BeginRequest' 
[2026-03-17T15:38:04.6818824Z] [Debug] EventSource=OpenTelemetry-Sdk, Message=Activity started. Name = 'GET', Id = '00-c8bca26d8bb363d6cadef3ae4a42876a-8d96f993865a696d-01'. 
[2026-03-17T15:38:04.6818824Z] [Debug] EventSource=OpenTelemetry-Instrumentation-AspNet-Telemetry, Message=Activity started, Id='00-c8bca26d8bb363d6cadef3ae4a42876a-8d96f993865a696d-01' 
[2026-03-17T15:38:04.6818824Z] [Debug] EventSource=OpenTelemetry-Instrumentation-AspNet-Telemetry, Message=Callback='Application_EndRequest' 
[2026-03-17T15:38:04.6818824Z] [Debug] EventSource=OpenTelemetry-Sdk, Message=Activity stopped. Name = 'GET', Id = '00-c8bca26d8bb363d6cadef3ae4a42876a-8d96f993865a696d-01'. 
[2026-03-17T15:38:04.6818824Z] [Debug] EventSource=OpenTelemetry-Instrumentation-AspNet-Telemetry, Message=Activity stopped, Id='00-c8bca26d8bb363d6cadef3ae4a42876a-8d96f993865a696d-01' 
[2026-03-17T15:38:05.9645817Z] [Debug] EventSource=OpenTelemetry-Instrumentation-AspNet-Telemetry, Message=Callback='Application_BeginRequest' 
[2026-03-17T15:38:05.9645817Z] [Debug] EventSource=OpenTelemetry-Sdk, Message=Activity started. Name = 'GET', Id = '00-131955f33eb34217c42391d2bb8d0bc6-d34a13d2882f32b7-01'. 
[2026-03-17T15:38:05.9645817Z] [Debug] EventSource=OpenTelemetry-Instrumentation-AspNet-Telemetry, Message=Activity started, Id='00-131955f33eb34217c42391d2bb8d0bc6-d34a13d2882f32b7-01' 
[2026-03-17T15:38:05.9645817Z] [Debug] EventSource=OpenTelemetry-Instrumentation-AspNet-Telemetry, Message=Callback='Application_EndRequest' 
[2026-03-17T15:38:05.9645817Z] [Debug] EventSource=OpenTelemetry-Sdk, Message=Activity stopped. Name = 'GET', Id = '00-131955f33eb34217c42391d2bb8d0bc6-d34a13d2882f32b7-01'. 
[2026-03-17T15:38:05.9645817Z] [Debug] EventSource=OpenTelemetry-Instrumentation-AspNet-Telemetry, Message=Activity stopped, Id='00-131955f33eb34217c42391d2bb8d0bc6-d34a13d2882f32b7-01' 
[2026-03-17T15:38:06.2947257Z] [Debug] EventSource=OpenTelemetry-Sdk, Message=Activity started. Name = 'AVAFX_General', Id = '00-b187ca1dd11305db3b5bb745aa803a4d-27355a6a6bc89af9-01'. 
[2026-03-17T15:38:06.2947257Z] [Debug] EventSource=OpenTelemetry-Sdk, Message=Activity stopped. Name = 'AVAFX_General', Id = '00-b187ca1dd11305db3b5bb745aa803a4d-27355a6a6bc89af9-01'. 
[2026-03-17T15:38:08.2734883Z] [Warning] EventSource=OpenTelemetry-Api, Message=Failed to inject activity context in format: 'TraceContextPropagator', context: 'Invalid context'. 
[2026-03-17T15:38:08.2760652Z] [Information] EventSource=OpenTelemetry-Exporter-OpenTelemetryProtocol, Message=Export succeeded for http://localhost:4318/v1/traces. Message: Export completed successfully. 
[2026-03-17T15:38:09.6657272Z] [Debug] EventSource=OpenTelemetry-Instrumentation-AspNet-Telemetry, Message=Callback='Application_BeginRequest' 
[2026-03-17T15:38:09.6657272Z] [Debug] EventSource=OpenTelemetry-Sdk, Message=Activity started. Name = 'GET', Id = '00-61d2b8a616d43fe9c8aa2708926fcd82-16e6f02adbd8a101-01'. 
[2026-03-17T15:38:09.6657272Z] [Debug] EventSource=OpenTelemetry-Instrumentation-AspNet-Telemetry, Message=Activity started, Id='00-61d2b8a616d43fe9c8aa2708926fcd82-16e6f02adbd8a101-01' 
[2026-03-17T15:38:09.6813771Z] [Debug] EventSource=OpenTelemetry-Instrumentation-AspNet-Telemetry, Message=Callback='Application_EndRequest' 
[2026-03-17T15:38:09.6813771Z] [Debug] EventSource=OpenTelemetry-Sdk, Message=Activity stopped. Name = 'GET', Id = '00-61d2b8a616d43fe9c8aa2708926fcd82-16e6f02adbd8a101-01'. 
[2026-03-17T15:38:09.6813771Z] [Debug] EventSource=OpenTelemetry-Instrumentation-AspNet-Telemetry, Message=Activity stopped, Id='00-61d2b8a616d43fe9c8aa2708926fcd82-16e6f02adbd8a101-01' 
[2026-03-17T15:38:11.0379836Z] [Debug] EventSource=OpenTelemetry-Instrumentation-AspNet-Telemetry, Message=Callback='Application_BeginRequest' 
[2026-03-17T15:38:11.0390864Z] [Debug] EventSource=OpenTelemetry-Sdk, Message=Activity started. Name = 'GET', Id = '00-48d792212fde67269aa791551e1c540d-87f11a879813a986-01'. 
[2026-03-17T15:38:11.0390864Z] [Debug] EventSource=OpenTelemetry-Instrumentation-AspNet-Telemetry, Message=Activity started, Id='00-48d792212fde67269aa791551e1c540d-87f11a879813a986-01' 
[2026-03-17T15:38:11.0390864Z] [Debug] EventSource=OpenTelemetry-Instrumentation-AspNet-Telemetry, Message=Callback='Application_EndRequest' 
[2026-03-17T15:38:11.0390864Z] [Debug] EventSource=OpenTelemetry-Sdk, Message=Activity stopped. Name = 'GET', Id = '00-48d792212fde67269aa791551e1c540d-87f11a879813a986-01'. 
[2026-03-17T15:38:11.0390864Z] [Debug] EventSource=OpenTelemetry-Instrumentation-AspNet-Telemetry, Message=Activity stopped, Id='00-48d792212fde67269aa791551e1c540d-87f11a879813a986-01' 
[2026-03-17T15:38:13.2896955Z] [Warning] EventSource=OpenTelemetry-Api, Message=Failed to inject activity context in format: 'TraceContextPropagator', context: 'Invalid context'. 
[2026-03-17T15:38:13.2917281Z] [Information] EventSource=OpenTelemetry-Exporter-OpenTelemetryProtocol, Message=Export succeeded for http://localhost:4318/v1/traces. Message: Export completed successfully. 
[2026-03-17T15:38:14.7455134Z] [Debug] EventSource=OpenTelemetry-Instrumentation-AspNet-Telemetry, Message=Callback='Application_BeginRequest' 
[2026-03-17T15:38:14.7455134Z] [Debug] EventSource=OpenTelemetry-Sdk, Message=Activity started. Name = 'GET', Id = '00-8b3e92340ae395bc8fe52d63077a5abe-7525b85c768d9e9f-01'. 
[2026-03-17T15:38:14.7455134Z] [Debug] EventSource=OpenTelemetry-Instrumentation-AspNet-Telemetry, Message=Activity started, Id='00-8b3e92340ae395bc8fe52d63077a5abe-7525b85c768d9e9f-01' 
[2026-03-17T15:38:14.7455134Z] [Debug] EventSource=OpenTelemetry-Instrumentation-AspNet-Telemetry, Message=Callback='Application_EndRequest' 
[2026-03-17T15:38:14.7455134Z] [Debug] EventSource=OpenTelemetry-Sdk, Message=Activity stopped. Name = 'GET', Id = '00-8b3e92340ae395bc8fe52d63077a5abe-7525b85c768d9e9f-01'. 
[2026-03-17T15:38:14.7455134Z] [Debug] EventSource=OpenTelemetry-Instrumentation-AspNet-Telemetry, Message=Activity stopped, Id='00-8b3e92340ae395bc8fe52d63077a5abe-7525b85c768d9e9f-01' 
[2026-03-17T15:38:16.0198281Z] [Debug] EventSource=OpenTelemetry-Instrumentation-AspNet-Telemetry, Message=Callback='Application_BeginRequest' 
[2026-03-17T15:38:16.0198281Z] [Debug] EventSource=OpenTelemetry-Sdk, Message=Activity started. Name = 'GET', Id = '00-de668e00b09711c9ef6bd178ed9830d1-cc721206af34487e-01'. 
[2026-03-17T15:38:16.0198281Z] [Debug] EventSource=OpenTelemetry-Instrumentation-AspNet-Telemetry, Message=Activity started, Id='00-de668e00b09711c9ef6bd178ed9830d1-cc721206af34487e-01' 
[2026-03-17T15:38:16.0198281Z] [Debug] EventSource=OpenTelemetry-Instrumentation-AspNet-Telemetry, Message=Callback='Application_EndRequest' 
[2026-03-17T15:38:16.0208273Z] [Debug] EventSource=OpenTelemetry-Sdk, Message=Activity stopped. Name = 'GET', Id = '00-de668e00b09711c9ef6bd178ed9830d1-cc721206af34487e-01'. 
[2026-03-17T15:38:16.0208273Z] [Debug] EventSource=OpenTelemetry-Instrumentation-AspNet-Telemetry, Message=Activity stopped, Id='00-de668e00b09711c9ef6bd178ed9830d1-cc721206af34487e-01' 
[2026-03-17T15:38:18.2958347Z] [Warning] EventSource=OpenTelemetry-Api, Message=Failed to inject activity context in format: 'TraceContextPropagator', context: 'Invalid context'. 
[2026-03-17T15:38:18.2982396Z] [Information] EventSource=OpenTelemetry-Exporter-OpenTelemetryProtocol, Message=Export succeeded for http://localhost:4318/v1/traces. Message: Export completed successfully. 
[2026-03-17T15:38:19.6554236Z] [Debug] EventSource=OpenTelemetry-Instrumentation-AspNet-Telemetry, Message=Callback='Application_BeginRequest' 
[2026-03-17T15:38:19.6554236Z] [Debug] EventSource=OpenTelemetry-Sdk, Message=Activity started. Name = 'GET', Id = '00-3728644ddfc776e541266aa67586294a-10cb20c193b0449d-01'. 
[2026-03-17T15:38:19.6554236Z] [Debug] EventSource=OpenTelemetry-Instrumentation-AspNet-Telemetry, Message=Activity started, Id='00-3728644ddfc776e541266aa67586294a-10cb20c193b0449d-01' 
[2026-03-17T15:38:19.6554236Z] [Debug] EventSource=OpenTelemetry-Instrumentation-AspNet-Telemetry, Message=Callback='Application_EndRequest' 
[2026-03-17T15:38:19.6554236Z] [Debug] EventSource=OpenTelemetry-Sdk, Message=Activity stopped. Name = 'GET', Id = '00-3728644ddfc776e541266aa67586294a-10cb20c193b0449d-01'. 
[2026-03-17T15:38:19.6554236Z] [Debug] EventSource=OpenTelemetry-Instrumentation-AspNet-Telemetry, Message=Activity stopped, Id='00-3728644ddfc776e541266aa67586294a-10cb20c193b0449d-01' 
[2026-03-17T15:38:20.9801103Z] [Debug] EventSource=OpenTelemetry-Instrumentation-AspNet-Telemetry, Message=Callback='Application_BeginRequest' 
[2026-03-17T15:38:20.9801103Z] [Debug] EventSource=OpenTelemetry-Sdk, Message=Activity started. Name = 'GET', Id = '00-023ebfbaacc80de8a6860e02e9843862-0bb9eb00c19c6929-01'. 
[2026-03-17T15:38:20.9801103Z] [Debug] EventSource=OpenTelemetry-Instrumentation-AspNet-Telemetry, Message=Activity started, Id='00-023ebfbaacc80de8a6860e02e9843862-0bb9eb00c19c6929-01' 
[2026-03-17T15:38:20.9801103Z] [Debug] EventSource=OpenTelemetry-Instrumentation-AspNet-Telemetry, Message=Callback='Application_EndRequest' 
[2026-03-17T15:38:20.9801103Z] [Debug] EventSource=OpenTelemetry-Sdk, Message=Activity stopped. Name = 'GET', Id = '00-023ebfbaacc80de8a6860e02e9843862-0bb9eb00c19c6929-01'. 
[2026-03-17T15:38:20.9801103Z] [Debug] EventSource=OpenTelemetry-Instrumentation-AspNet-Telemetry, Message=Activity stopped, Id='00-023ebfbaacc80de8a6860e02e9843862-0bb9eb00c19c6929-01' 
[2026-03-17T15:38:23.3023338Z] [Warning] EventSource=OpenTelemetry-Api, Message=Failed to inject activity context in format: 'TraceContextPropagator', context: 'Invalid context'. 
[2026-03-17T15:38:23.3052546Z] [Information] EventSource=OpenTelemetry-Exporter-OpenTelemetryProtocol, Message=Export succeeded for http://localhost:4318/v1/traces. Message: Export completed successfully. 
[2026-03-17T15:38:24.7122308Z] [Debug] EventSource=OpenTelemetry-Instrumentation-AspNet-Telemetry, Message=Callback='Application_BeginRequest' 
[2026-03-17T15:38:24.7122308Z] [Debug] EventSource=OpenTelemetry-Sdk, Message=Activity started. Name = 'GET', Id = '00-26cbbebf7953368fefed5815f1d954f6-85f53ce1ade9f09c-01'. 
[2026-03-17T15:38:24.7122308Z] [Debug] EventSource=OpenTelemetry-Instrumentation-AspNet-Telemetry, Message=Activity started, Id='00-26cbbebf7953368fefed5815f1d954f6-85f53ce1ade9f09c-01' 
[2026-03-17T15:38:24.7122308Z] [Debug] EventSource=OpenTelemetry-Instrumentation-AspNet-Telemetry, Message=Callback='Application_EndRequest' 
[2026-03-17T15:38:24.7122308Z] [Debug] EventSource=OpenTelemetry-Sdk, Message=Activity stopped. Name = 'GET', Id = '00-26cbbebf7953368fefed5815f1d954f6-85f53ce1ade9f09c-01'. 
[2026-03-17T15:38:24.7122308Z] [Debug] EventSource=OpenTelemetry-Instrumentation-AspNet-Telemetry, Message=Activity stopped, Id='00-26cbbebf7953368fefed5815f1d954f6-85f53ce1ade9f09c-01' 
[2026-03-17T15:38:25.9714030Z] [Debug] EventSource=OpenTelemetry-Instrumentation-AspNet-Telemetry, Message=Callback='Application_BeginRequest' 
[2026-03-17T15:38:25.9714030Z] [Debug] EventSource=OpenTelemetry-Sdk, Message=Activity started. Name = 'GET', Id = '00-1ab13ec9fbd02be4988e1d9af52d3401-9cd2916516740ad0-01'. 
[2026-03-17T15:38:25.9714030Z] [Debug] EventSource=OpenTelemetry-Instrumentation-AspNet-Telemetry, Message=Activity started, Id='00-1ab13ec9fbd02be4988e1d9af52d3401-9cd2916516740ad0-01' 
[2026-03-17T15:38:25.9714030Z] [Debug] EventSource=OpenTelemetry-Instrumentation-AspNet-Telemetry, Message=Callback='Application_EndRequest' 
[2026-03-17T15:38:25.9714030Z] [Debug] EventSource=OpenTelemetry-Sdk, Message=Activity stopped. Name = 'GET', Id = '00-1ab13ec9fbd02be4988e1d9af52d3401-9cd2916516740ad0-01'. 
[2026-03-17T15:38:25.9714030Z] [Debug] EventSource=OpenTelemetry-Instrumentation-AspNet-Telemetry, Message=Activity stopped, Id='00-1ab13ec9fbd02be4988e1d9af52d3401-9cd2916516740ad0-01' 
[2026-03-17T15:38:28.3066736Z] [Warning] EventSource=OpenTelemetry-Api, Message=Failed to inject activity context in format: 'TraceContextPropagator', context: 'Invalid context'. 
[2026-03-17T15:38:28.3091375Z] [Information] EventSource=OpenTelemetry-Exporter-OpenTelemetryProtocol, Message=Export succeeded for http://localhost:4318/v1/traces. Message: Export completed successfully. 
[2026-03-17T15:38:29.6493855Z] [Debug] EventSource=OpenTelemetry-Instrumentation-AspNet-Telemetry, Message=Callback='Application_BeginRequest' 
[2026-03-17T15:38:29.6493855Z] [Debug] EventSource=OpenTelemetry-Sdk, Message=Activity started. Name = 'GET', Id = '00-24073c8ad63e5258217d0fe9464e4caf-eab5f3abe6bc8df2-01'. 
[2026-03-17T15:38:29.6493855Z] [Debug] EventSource=OpenTelemetry-Instrumentation-AspNet-Telemetry, Message=Activity started, Id='00-24073c8ad63e5258217d0fe9464e4caf-eab5f3abe6bc8df2-01' 
[2026-03-17T15:38:29.6493855Z] [Debug] EventSource=OpenTelemetry-Instrumentation-AspNet-Telemetry, Message=Callback='Application_EndRequest' 
[2026-03-17T15:38:29.6493855Z] [Debug] EventSource=OpenTelemetry-Sdk, Message=Activity stopped. Name = 'GET', Id = '00-24073c8ad63e5258217d0fe9464e4caf-eab5f3abe6bc8df2-01'. 
[2026-03-17T15:38:29.6493855Z] [Debug] EventSource=OpenTelemetry-Instrumentation-AspNet-Telemetry, Message=Activity stopped, Id='00-24073c8ad63e5258217d0fe9464e4caf-eab5f3abe6bc8df2-01' 
[2026-03-17T15:38:31.0437574Z] [Debug] EventSource=OpenTelemetry-Instrumentation-AspNet-Telemetry, Message=Callback='Application_BeginRequest' 
[2026-03-17T15:38:31.0437574Z] [Debug] EventSource=OpenTelemetry-Sdk, Message=Activity started. Name = 'GET', Id = '00-b0cc113f0485e343026d711baf795673-250be0b576e6cabc-01'. 
[2026-03-17T15:38:31.0437574Z] [Debug] EventSource=OpenTelemetry-Instrumentation-AspNet-Telemetry, Message=Activity started, Id='00-b0cc113f0485e343026d711baf795673-250be0b576e6cabc-01' 
[2026-03-17T15:38:31.0437574Z] [Debug] EventSource=OpenTelemetry-Instrumentation-AspNet-Telemetry, Message=Callback='Application_EndRequest' 
[2026-03-17T15:38:31.0437574Z] [Debug] EventSource=OpenTelemetry-Sdk, Message=Activity stopped. Name = 'GET', Id = '00-b0cc113f0485e343026d711baf795673-250be0b576e6cabc-01'. 
[2026-03-17T15:38:31.0437574Z] [Debug] EventSource=OpenTelemetry-Instrumentation-AspNet-Telemetry, Message=Activity stopped, Id='00-b0cc113f0485e343026d711baf795673-250be0b576e6cabc-01' 
[2026-03-17T15:38:33.3214177Z] [Warning] EventSource=OpenTelemetry-Api, Message=Failed to inject activity context in format: 'TraceContextPropagator', context: 'Invalid context'. 
[2026-03-17T15:38:33.3239608Z] [Information] EventSource=OpenTelemetry-Exporter-OpenTelemetryProtocol, Message=Export succeeded for http://localhost:4318/v1/traces. Message: Export completed successfully. 
[2026-03-17T15:38:34.7361930Z] [Debug] EventSource=OpenTelemetry-Instrumentation-AspNet-Telemetry, Message=Callback='Application_BeginRequest' 
[2026-03-17T15:38:34.7361930Z] [Debug] EventSource=OpenTelemetry-Sdk, Message=Activity started. Name = 'GET', Id = '00-c93a11b2d99f140a3fbf225862b0812a-719506edc33de327-01'. 
[2026-03-17T15:38:34.7371866Z] [Debug] EventSource=OpenTelemetry-Instrumentation-AspNet-Telemetry, Message=Activity started, Id='00-c93a11b2d99f140a3fbf225862b0812a-719506edc33de327-01' 
[2026-03-17T15:38:34.7371866Z] [Debug] EventSource=OpenTelemetry-Instrumentation-AspNet-Telemetry, Message=Callback='Application_EndRequest' 
[2026-03-17T15:38:34.7371866Z] [Debug] EventSource=OpenTelemetry-Sdk, Message=Activity stopped. Name = 'GET', Id = '00-c93a11b2d99f140a3fbf225862b0812a-719506edc33de327-01'. 
[2026-03-17T15:38:34.7371866Z] [Debug] EventSource=OpenTelemetry-Instrumentation-AspNet-Telemetry, Message=Activity stopped, Id='00-c93a11b2d99f140a3fbf225862b0812a-719506edc33de327-01' 
[2026-03-17T15:38:36.0527049Z] [Debug] EventSource=OpenTelemetry-Instrumentation-AspNet-Telemetry, Message=Callback='Application_BeginRequest' 
[2026-03-17T15:38:36.0527049Z] [Debug] EventSource=OpenTelemetry-Sdk, Message=Activity started. Name = 'GET', Id = '00-8094dc7d58f8569bd01e43d2f7ee91c6-0dd22924ad95ebd4-01'. 
[2026-03-17T15:38:36.0527049Z] [Debug] EventSource=OpenTelemetry-Instrumentation-AspNet-Telemetry, Message=Activity started, Id='00-8094dc7d58f8569bd01e43d2f7ee91c6-0dd22924ad95ebd4-01' 
[2026-03-17T15:38:36.0527049Z] [Debug] EventSource=OpenTelemetry-Instrumentation-AspNet-Telemetry, Message=Callback='Application_EndRequest' 
[2026-03-17T15:38:36.0527049Z] [Debug] EventSource=OpenTelemetry-Sdk, Message=Activity stopped. Name = 'GET', Id = '00-8094dc7d58f8569bd01e43d2f7ee91c6-0dd22924ad95ebd4-01'. 
[2026-03-17T15:38:36.0527049Z] [Debug] EventSource=OpenTelemetry-Instrumentation-AspNet-Telemetry, Message=Activity stopped, Id='00-8094dc7d58f8569bd01e43d2f7ee91c6-0dd22924ad95ebd4-01' 
[2026-03-17T15:38:38.3389145Z] [Warning] EventSource=OpenTelemetry-Api, Message=Failed to inject activity context in format: 'TraceContextPropagator', context: 'Invalid context'. 
[2026-03-17T15:38:38.3408916Z] [Information] EventSource=OpenTelemetry-Exporter-OpenTelemetryProtocol, Message=Export succeeded for http://localhost:4318/v1/traces. Message: Export completed successfully. 
[2026-03-17T15:38:39.6710058Z] [Debug] EventSource=OpenTelemetry-Instrumentation-AspNet-Telemetry, Message=Callback='Application_BeginRequest' 
[2026-03-17T15:38:39.6710058Z] [Debug] EventSource=OpenTelemetry-Sdk, Message=Activity started. Name = 'GET', Id = '00-126723064d4ffc7d4eb0cfed51f4f5e8-c7a805cb9dbff0e3-01'. 
[2026-03-17T15:38:39.6710058Z] [Debug] EventSource=OpenTelemetry-Instrumentation-AspNet-Telemetry, Message=Activity started, Id='00-126723064d4ffc7d4eb0cfed51f4f5e8-c7a805cb9dbff0e3-01' 
[2026-03-17T15:38:39.6710058Z] [Debug] EventSource=OpenTelemetry-Instrumentation-AspNet-Telemetry, Message=Callback='Application_EndRequest' 
[2026-03-17T15:38:39.6710058Z] [Debug] EventSource=OpenTelemetry-Sdk, Message=Activity stopped. Name = 'GET', Id = '00-126723064d4ffc7d4eb0cfed51f4f5e8-c7a805cb9dbff0e3-01'. 
[2026-03-17T15:38:39.6710058Z] [Debug] EventSource=OpenTelemetry-Instrumentation-AspNet-Telemetry, Message=Activity stopped, Id='00-126723064d4ffc7d4eb0cfed51f4f5e8-c7a805cb9dbff0e3-01' 
[2026-03-17T15:38:40.9895461Z] [Debug] EventSource=OpenTelemetry-Instrumentation-AspNet-Telemetry, Message=Callback='Application_BeginRequest' 
[2026-03-17T15:38:40.9895461Z] [Debug] EventSource=OpenTelemetry-Sdk, Message=Activity started. Name = 'GET', Id = '00-6fe78b3f8376f8784da7f4fb1e10b69b-0e3e3826504144e4-01'. 
[2026-03-17T15:38:40.9895461Z] [Debug] EventSource=OpenTelemetry-Instrumentation-AspNet-Telemetry, Message=Activity started, Id='00-6fe78b3f8376f8784da7f4fb1e10b69b-0e3e3826504144e4-01' 
[2026-03-17T15:38:40.9895461Z] [Debug] EventSource=OpenTelemetry-Instrumentation-AspNet-Telemetry, Message=Callback='Application_EndRequest' 
[2026-03-17T15:38:40.9895461Z] [Debug] EventSource=OpenTelemetry-Sdk, Message=Activity stopped. Name = 'GET', Id = '00-6fe78b3f8376f8784da7f4fb1e10b69b-0e3e3826504144e4-01'. 
[2026-03-17T15:38:40.9895461Z] [Debug] EventSource=OpenTelemetry-Instrumentation-AspNet-Telemetry, Message=Activity stopped, Id='00-6fe78b3f8376f8784da7f4fb1e10b69b-0e3e3826504144e4-01' 
[2026-03-17T15:38:43.3533526Z] [Warning] EventSource=OpenTelemetry-Api, Message=Failed to inject activity context in format: 'TraceContextPropagator', context: 'Invalid context'. 
[2026-03-17T15:38:43.3553301Z] [Information] EventSource=OpenTelemetry-Exporter-OpenTelemetryProtocol, Message=Export succeeded for http://localhost:4318/v1/traces. Message: Export completed successfully. 
[2026-03-17T15:38:44.7361780Z] [Debug] EventSource=OpenTelemetry-Instrumentation-AspNet-Telemetry, Message=Callback='Application_BeginRequest' 
[2026-03-17T15:38:44.7361780Z] [Debug] EventSource=OpenTelemetry-Sdk, Message=Activity started. Name = 'GET', Id = '00-2bf5f62bab55a7388b9e8d7bd55dd94a-73259b42fdc264d0-01'. 
[2026-03-17T15:38:44.7361780Z] [Debug] EventSource=OpenTelemetry-Instrumentation-AspNet-Telemetry, Message=Activity started, Id='00-2bf5f62bab55a7388b9e8d7bd55dd94a-73259b42fdc264d0-01' 
[2026-03-17T15:38:44.7371638Z] [Debug] EventSource=OpenTelemetry-Instrumentation-AspNet-Telemetry, Message=Callback='Application_EndRequest' 
[2026-03-17T15:38:44.7371638Z] [Debug] EventSource=OpenTelemetry-Sdk, Message=Activity stopped. Name = 'GET', Id = '00-2bf5f62bab55a7388b9e8d7bd55dd94a-73259b42fdc264d0-01'. 
[2026-03-17T15:38:44.7371638Z] [Debug] EventSource=OpenTelemetry-Instrumentation-AspNet-Telemetry, Message=Activity stopped, Id='00-2bf5f62bab55a7388b9e8d7bd55dd94a-73259b42fdc264d0-01' 
[2026-03-17T15:38:45.9669147Z] [Debug] EventSource=OpenTelemetry-Instrumentation-AspNet-Telemetry, Message=Callback='Application_BeginRequest' 
[2026-03-17T15:38:45.9669147Z] [Debug] EventSource=OpenTelemetry-Sdk, Message=Activity started. Name = 'GET', Id = '00-3fd44e88378dabdec0aa7584d805997d-44dccaa5ce9f8280-01'. 
[2026-03-17T15:38:45.9669147Z] [Debug] EventSource=OpenTelemetry-Instrumentation-AspNet-Telemetry, Message=Activity started, Id='00-3fd44e88378dabdec0aa7584d805997d-44dccaa5ce9f8280-01' 
[2026-03-17T15:38:45.9669147Z] [Debug] EventSource=OpenTelemetry-Instrumentation-AspNet-Telemetry, Message=Callback='Application_EndRequest' 
[2026-03-17T15:38:45.9669147Z] [Debug] EventSource=OpenTelemetry-Sdk, Message=Activity stopped. Name = 'GET', Id = '00-3fd44e88378dabdec0aa7584d805997d-44dccaa5ce9f8280-01'. 
[2026-03-17T15:38:45.9669147Z] [Debug] EventSource=OpenTelemetry-Instrumentation-AspNet-Telemetry, Message=Activity stopped, Id='00-3fd44e88378dabdec0aa7584d805997d-44dccaa5ce9f8280-01' 
[2026-03-17T15:38:48.3554317Z] [Warning] EventSource=OpenTelemetry-Api, Message=Failed to inject activity context in format: 'TraceContextPropagator', context: 'Invalid context'. 
[2026-03-17T15:38:48.3574163Z] [Information] EventSource=OpenTelemetry-Exporter-OpenTelemetryProtocol, Message=Export succeeded for http://localhost:4318/v1/traces. Message: Export completed successfully. 
[2026-03-17T15:38:49.7179046Z] [Debug] EventSource=OpenTelemetry-Instrumentation-AspNet-Telemetry, Message=Callback='Application_BeginRequest' 
[2026-03-17T15:38:49.7179046Z] [Debug] EventSource=OpenTelemetry-Sdk, Message=Activity started. Name = 'GET', Id = '00-c29954093a1db2d6cb20b6e10809341e-18434c79334035d3-01'. 
[2026-03-17T15:38:49.7179046Z] [Debug] EventSource=OpenTelemetry-Instrumentation-AspNet-Telemetry, Message=Activity started, Id='00-c29954093a1db2d6cb20b6e10809341e-18434c79334035d3-01' 
[2026-03-17T15:38:49.7179046Z] [Debug] EventSource=OpenTelemetry-Instrumentation-AspNet-Telemetry, Message=Callback='Application_EndRequest' 
[2026-03-17T15:38:49.7179046Z] [Debug] EventSource=OpenTelemetry-Sdk, Message=Activity stopped. Name = 'GET', Id = '00-c29954093a1db2d6cb20b6e10809341e-18434c79334035d3-01'. 
[2026-03-17T15:38:49.7179046Z] [Debug] EventSource=OpenTelemetry-Instrumentation-AspNet-Telemetry, Message=Activity stopped, Id='00-c29954093a1db2d6cb20b6e10809341e-18434c79334035d3-01' 
[2026-03-17T15:38:50.9583903Z] [Debug] EventSource=OpenTelemetry-Instrumentation-AspNet-Telemetry, Message=Callback='Application_BeginRequest' 
[2026-03-17T15:38:50.9583903Z] [Debug] EventSource=OpenTelemetry-Sdk, Message=Activity started. Name = 'GET', Id = '00-df8591e37b76b0f699846b4e15f41d31-02734c887361bda4-01'. 
[2026-03-17T15:38:50.9583903Z] [Debug] EventSource=OpenTelemetry-Instrumentation-AspNet-Telemetry, Message=Activity started, Id='00-df8591e37b76b0f699846b4e15f41d31-02734c887361bda4-01' 
[2026-03-17T15:38:50.9583903Z] [Debug] EventSource=OpenTelemetry-Instrumentation-AspNet-Telemetry, Message=Callback='Application_EndRequest' 
[2026-03-17T15:38:50.9583903Z] [Debug] EventSource=OpenTelemetry-Sdk, Message=Activity stopped. Name = 'GET', Id = '00-df8591e37b76b0f699846b4e15f41d31-02734c887361bda4-01'. 
[2026-03-17T15:38:50.9583903Z] [Debug] EventSource=OpenTelemetry-Instrumentation-AspNet-Telemetry, Message=Activity stopped, Id='00-df8591e37b76b0f699846b4e15f41d31-02734c887361bda4-01' 
[2026-03-17T15:38:53.3583493Z] [Warning] EventSource=OpenTelemetry-Api, Message=Failed to inject activity context in format: 'TraceContextPropagator', context: 'Invalid context'. 
[2026-03-17T15:38:53.3603528Z] [Information] EventSource=OpenTelemetry-Exporter-OpenTelemetryProtocol, Message=Export succeeded for http://localhost:4318/v1/traces. Message: Export completed successfully. 
[2026-03-17T15:38:54.6582896Z] [Debug] EventSource=OpenTelemetry-Instrumentation-AspNet-Telemetry, Message=Callback='Application_BeginRequest' 
[2026-03-17T15:38:54.6582896Z] [Debug] EventSource=OpenTelemetry-Sdk, Message=Activity started. Name = 'GET', Id = '00-a2b48ce483f4acbf05b1e74474f3cf39-ed8dd319cc3b0931-01'. 
[2026-03-17T15:38:54.6582896Z] [Debug] EventSource=OpenTelemetry-Instrumentation-AspNet-Telemetry, Message=Activity started, Id='00-a2b48ce483f4acbf05b1e74474f3cf39-ed8dd319cc3b0931-01' 
[2026-03-17T15:38:54.6582896Z] [Debug] EventSource=OpenTelemetry-Instrumentation-AspNet-Telemetry, Message=Callback='Application_EndRequest' 
[2026-03-17T15:38:54.6582896Z] [Debug] EventSource=OpenTelemetry-Sdk, Message=Activity stopped. Name = 'GET', Id = '00-a2b48ce483f4acbf05b1e74474f3cf39-ed8dd319cc3b0931-01'. 
[2026-03-17T15:38:54.6582896Z] [Debug] EventSource=OpenTelemetry-Instrumentation-AspNet-Telemetry, Message=Activity stopped, Id='00-a2b48ce483f4acbf05b1e74474f3cf39-ed8dd319cc3b0931-01' 
[2026-03-17T15:38:55.9872279Z] [Debug] EventSource=OpenTelemetry-Instrumentation-AspNet-Telemetry, Message=Callback='Application_BeginRequest' 
[2026-03-17T15:38:55.9872279Z] [Debug] EventSource=OpenTelemetry-Sdk, Message=Activity started. Name = 'GET', Id = '00-4f8faf4e3c670a496e50042823474851-44d986c6065cf61c-01'. 
[2026-03-17T15:38:55.9872279Z] [Debug] EventSource=OpenTelemetry-Instrumentation-AspNet-Telemetry, Message=Activity started, Id='00-4f8faf4e3c670a496e50042823474851-44d986c6065cf61c-01' 
[2026-03-17T15:38:55.9872279Z] [Debug] EventSource=OpenTelemetry-Instrumentation-AspNet-Telemetry, Message=Callback='Application_EndRequest' 
[2026-03-17T15:38:55.9872279Z] [Debug] EventSource=OpenTelemetry-Sdk, Message=Activity stopped. Name = 'GET', Id = '00-4f8faf4e3c670a496e50042823474851-44d986c6065cf61c-01'. 
[2026-03-17T15:38:55.9872279Z] [Debug] EventSource=OpenTelemetry-Instrumentation-AspNet-Telemetry, Message=Activity stopped, Id='00-4f8faf4e3c670a496e50042823474851-44d986c6065cf61c-01' 
[2026-03-17T15:38:58.3608774Z] [Warning] EventSource=OpenTelemetry-Api, Message=Failed to inject activity context in format: 'TraceContextPropagator', context: 'Invalid context'. 
[2026-03-17T15:38:58.3631531Z] [Information] EventSource=OpenTelemetry-Exporter-OpenTelemetryProtocol, Message=Export succeeded for http://localhost:4318/v1/traces. Message: Export completed successfully. 
[2026-03-17T15:38:59.6647547Z] [Debug] EventSource=OpenTelemetry-Instrumentation-AspNet-Telemetry, Message=Callback='Application_BeginRequest' 
[2026-03-17T15:38:59.6647547Z] [Debug] EventSource=OpenTelemetry-Sdk, Message=Activity started. Name = 'GET', Id = '00-952711e97bfed01d2663107055ac4d7e-98009d46f27d9c03-01'. 
[2026-03-17T15:38:59.6647547Z] [Debug] EventSource=OpenTelemetry-Instrumentation-AspNet-Telemetry, Message=Activity started, Id='00-952711e97bfed01d2663107055ac4d7e-98009d46f27d9c03-01' 
[2026-03-17T15:38:59.6803074Z] [Debug] EventSource=OpenTelemetry-Instrumentation-AspNet-Telemetry, Message=Callback='Application_EndRequest' 
[2026-03-17T15:38:59.6803074Z] [Debug] EventSource=OpenTelemetry-Sdk, Message=Activity stopped. Name = 'GET', Id = '00-952711e97bfed01d2663107055ac4d7e-98009d46f27d9c03-01'. 
[2026-03-17T15:38:59.6803074Z] [Debug] EventSource=OpenTelemetry-Instrumentation-AspNet-Telemetry, Message=Activity stopped, Id='00-952711e97bfed01d2663107055ac4d7e-98009d46f27d9c03-01' 
[2026-03-17T15:39:01.0150612Z] [Debug] EventSource=OpenTelemetry-Instrumentation-AspNet-Telemetry, Message=Callback='Application_BeginRequest' 
[2026-03-17T15:39:01.0150612Z] [Debug] EventSource=OpenTelemetry-Sdk, Message=Activity started. Name = 'GET', Id = '00-257ab4ae865a7c4a33c8eadaa1647ca3-60bb79e118655cb3-01'. 
[2026-03-17T15:39:01.0150612Z] [Debug] EventSource=OpenTelemetry-Instrumentation-AspNet-Telemetry, Message=Activity started, Id='00-257ab4ae865a7c4a33c8eadaa1647ca3-60bb79e118655cb3-01' 
[2026-03-17T15:39:01.0150612Z] [Debug] EventSource=OpenTelemetry-Instrumentation-AspNet-Telemetry, Message=Callback='Application_EndRequest' 
[2026-03-17T15:39:01.0150612Z] [Debug] EventSource=OpenTelemetry-Sdk, Message=Activity stopped. Name = 'GET', Id = '00-257ab4ae865a7c4a33c8eadaa1647ca3-60bb79e118655cb3-01'. 
[2026-03-17T15:39:01.0150612Z] [Debug] EventSource=OpenTelemetry-Instrumentation-AspNet-Telemetry, Message=Activity stopped, Id='00-257ab4ae865a7c4a33c8eadaa1647ca3-60bb79e118655cb3-01' 
[2026-03-17T15:39:02.7297866Z] [Debug] EventSource=OpenTelemetry-Sdk, Message=MetricReader event: 'PeriodicExportingMetricReader calling MetricReader.Collect because the export interval has elapsed.' 
[2026-03-17T15:39:02.7297866Z] [Debug] EventSource=OpenTelemetry-Sdk, Message=MetricReader event: 'MetricReader.Collect method called.' 
[2026-03-17T15:39:02.7297866Z] [Debug] EventSource=OpenTelemetry-Sdk, Message=MetricReader event: 'MetricReader.OnCollect called.' 
[2026-03-17T15:39:02.7297866Z] [Debug] EventSource=OpenTelemetry-Sdk, Message=MetricReader event: 'Observable instruments collected.' 
[2026-03-17T15:39:02.7297866Z] [Debug] EventSource=OpenTelemetry-Sdk, Message=MetricReader event: 'ProcessMetrics called.' 
[2026-03-17T15:39:02.7297866Z] [Debug] EventSource=OpenTelemetry-Sdk, Message=MetricReader event: 'BaseExportingMetricReader calling OpenTelemetry.Exporter.OtlpMetricExporter.Export method.' 
[2026-03-17T15:39:02.7297866Z] [Warning] EventSource=OpenTelemetry-Api, Message=Failed to inject activity context in format: 'TraceContextPropagator', context: 'Invalid context'. 
[2026-03-17T15:39:02.7426930Z] [Error] EventSource=OpenTelemetry-Exporter-OpenTelemetryProtocol, Message=HTTP request to http://localhost:4318/v1/metrics failed. Response: . Exception: System.Net.Http.HttpRequestException: Response status code does not indicate success: 404 (Not Found).
   at System.Net.Http.HttpResponseMessage.EnsureSuccessStatusCode()
   at OpenTelemetry.Exporter.OpenTelemetryProtocol.Implementation.ExportClient.OtlpHttpExportClient.SendExportRequest(Byte[] buffer, Int32 contentLength, DateTime deadlineUtc, CancellationToken cancellationToken) 
[2026-03-17T15:39:02.7426930Z] [Debug] EventSource=OpenTelemetry-Sdk, Message=MetricReader event: 'OpenTelemetry.Exporter.OtlpMetricExporter.Export failed.' 
[2026-03-17T15:39:02.7426930Z] [Debug] EventSource=OpenTelemetry-Sdk, Message=MetricReader event: 'ProcessMetrics failed.' 
[2026-03-17T15:39:02.7426930Z] [Debug] EventSource=OpenTelemetry-Sdk, Message=MetricReader event: 'MetricReader.Collect failed.' 
[2026-03-17T15:39:03.3752899Z] [Warning] EventSource=OpenTelemetry-Api, Message=Failed to inject activity context in format: 'TraceContextPropagator', context: 'Invalid context'. 
[2026-03-17T15:39:03.3767334Z] [Information] EventSource=OpenTelemetry-Exporter-OpenTelemetryProtocol, Message=Export succeeded for http://localhost:4318/v1/traces. Message: Export completed successfully. 
[2026-03-17T15:39:04.6566209Z] [Debug] EventSource=OpenTelemetry-Instrumentation-AspNet-Telemetry, Message=Callback='Application_BeginRequest' 
[2026-03-17T15:39:04.6566209Z] [Debug] EventSource=OpenTelemetry-Sdk, Message=Activity started. Name = 'GET', Id = '00-b9e481e2b2af2f7eb4b3d289646d5cab-474d633db48933a0-01'. 
[2026-03-17T15:39:04.6566209Z] [Debug] EventSource=OpenTelemetry-Instrumentation-AspNet-Telemetry, Message=Activity started, Id='00-b9e481e2b2af2f7eb4b3d289646d5cab-474d633db48933a0-01' 
[2026-03-17T15:39:04.6566209Z] [Debug] EventSource=OpenTelemetry-Instrumentation-AspNet-Telemetry, Message=Callback='Application_EndRequest' 
[2026-03-17T15:39:04.6566209Z] [Debug] EventSource=OpenTelemetry-Sdk, Message=Activity stopped. Name = 'GET', Id = '00-b9e481e2b2af2f7eb4b3d289646d5cab-474d633db48933a0-01'. 
[2026-03-17T15:39:04.6566209Z] [Debug] EventSource=OpenTelemetry-Instrumentation-AspNet-Telemetry, Message=Activity stopped, Id='00-b9e481e2b2af2f7eb4b3d289646d5cab-474d633db48933a0-01' 
[2026-03-17T15:39:05.9629605Z] [Debug] EventSource=OpenTelemetry-Instrumentation-AspNet-Telemetry, Message=Callback='Application_BeginRequest' 
[2026-03-17T15:39:05.9629605Z] [Debug] EventSource=OpenTelemetry-Sdk, Message=Activity started. Name = 'GET', Id = '00-ea8b1b692f89e998cfd5efa31f360c93-e22eec74bd9c2498-01'. 
[2026-03-17T15:39:05.9629605Z] [Debug] EventSource=OpenTelemetry-Instrumentation-AspNet-Telemetry, Message=Activity started, Id='00-ea8b1b692f89e998cfd5efa31f360c93-e22eec74bd9c2498-01' 
[2026-03-17T15:39:05.9629605Z] [Debug] EventSource=OpenTelemetry-Instrumentation-AspNet-Telemetry, Message=Callback='Application_EndRequest' 
[2026-03-17T15:39:05.9629605Z] [Debug] EventSource=OpenTelemetry-Sdk, Message=Activity stopped. Name = 'GET', Id = '00-ea8b1b692f89e998cfd5efa31f360c93-e22eec74bd9c2498-01'. 
[2026-03-17T15:39:05.9629605Z] [Debug] EventSource=OpenTelemetry-Instrumentation-AspNet-Telemetry, Message=Activity stopped, Id='00-ea8b1b692f89e998cfd5efa31f360c93-e22eec74bd9c2498-01' 
[2026-03-17T15:39:06.3024295Z] [Debug] EventSource=OpenTelemetry-Sdk, Message=Activity started. Name = 'AVAFX_General', Id = '00-217bed0d770ba4993fc35dd545c907fe-2fb7d8f3b7b3745d-01'. 
[2026-03-17T15:39:06.3024295Z] [Debug] EventSource=OpenTelemetry-Sdk, Message=Activity stopped. Name = 'AVAFX_General', Id = '00-217bed0d770ba4993fc35dd545c907fe-2fb7d8f3b7b3745d-01'. 
[2026-03-17T15:39:08.3902712Z] [Warning] EventSource=OpenTelemetry-Api, Message=Failed to inject activity context in format: 'TraceContextPropagator', context: 'Invalid context'. 
[2026-03-17T15:39:08.3928198Z] [Information] EventSource=OpenTelemetry-Exporter-OpenTelemetryProtocol, Message=Export succeeded for http://localhost:4318/v1/traces. Message: Export completed successfully. 
[2026-03-17T15:39:09.6975363Z] [Debug] EventSource=OpenTelemetry-Instrumentation-AspNet-Telemetry, Message=Callback='Application_BeginRequest' 
[2026-03-17T15:39:09.6975363Z] [Debug] EventSource=OpenTelemetry-Sdk, Message=Activity started. Name = 'GET', Id = '00-0258bb973d432023ad8106594fb75e97-5e7de3b3e1143293-01'. 
[2026-03-17T15:39:09.6975363Z] [Debug] EventSource=OpenTelemetry-Instrumentation-AspNet-Telemetry, Message=Activity started, Id='00-0258bb973d432023ad8106594fb75e97-5e7de3b3e1143293-01' 
[2026-03-17T15:39:09.6975363Z] [Debug] EventSource=OpenTelemetry-Instrumentation-AspNet-Telemetry, Message=Callback='Application_EndRequest' 
[2026-03-17T15:39:09.6975363Z] [Debug] EventSource=OpenTelemetry-Sdk, Message=Activity stopped. Name = 'GET', Id = '00-0258bb973d432023ad8106594fb75e97-5e7de3b3e1143293-01'. 
[2026-03-17T15:39:09.6975363Z] [Debug] EventSource=OpenTelemetry-Instrumentation-AspNet-Telemetry, Message=Activity stopped, Id='00-0258bb973d432023ad8106594fb75e97-5e7de3b3e1143293-01' 
[2026-03-17T15:39:11.0496860Z] [Debug] EventSource=OpenTelemetry-Instrumentation-AspNet-Telemetry, Message=Callback='Application_BeginRequest' 
[2026-03-17T15:39:11.0496860Z] [Debug] EventSource=OpenTelemetry-Sdk, Message=Activity started. Name = 'GET', Id = '00-1fb21046ff1370804d9f74110e1324ef-9168924c8a53d7b5-01'. 
[2026-03-17T15:39:11.0496860Z] [Debug] EventSource=OpenTelemetry-Instrumentation-AspNet-Telemetry, Message=Activity started, Id='00-1fb21046ff1370804d9f74110e1324ef-9168924c8a53d7b5-01' 
[2026-03-17T15:39:11.0506817Z] [Debug] EventSource=OpenTelemetry-Instrumentation-AspNet-Telemetry, Message=Callback='Application_EndRequest' 
[2026-03-17T15:39:11.0506817Z] [Debug] EventSource=OpenTelemetry-Sdk, Message=Activity stopped. Name = 'GET', Id = '00-1fb21046ff1370804d9f74110e1324ef-9168924c8a53d7b5-01'. 
[2026-03-17T15:39:11.0506817Z] [Debug] EventSource=OpenTelemetry-Instrumentation-AspNet-Telemetry, Message=Activity stopped, Id='00-1fb21046ff1370804d9f74110e1324ef-9168924c8a53d7b5-01' 
[2026-03-17T15:39:13.4047770Z] [Warning] EventSource=OpenTelemetry-Api, Message=Failed to inject activity context in format: 'TraceContextPropagator', context: 'Invalid context'. 
[2026-03-17T15:39:13.4073248Z] [Information] EventSource=OpenTelemetry-Exporter-OpenTelemetryProtocol, Message=Export succeeded for http://localhost:4318/v1/traces. Message: Export completed successfully. 
[2026-03-17T15:39:14.6992196Z] [Debug] EventSource=OpenTelemetry-Instrumentation-AspNet-Telemetry, Message=Callback='Application_BeginRequest' 
[2026-03-17T15:39:14.6992196Z] [Debug] EventSource=OpenTelemetry-Sdk, Message=Activity started. Name = 'GET', Id = '00-6808cb22b8bef5beefe11613e4bc5547-977160fa0aca4cfd-01'. 
[2026-03-17T15:39:14.6992196Z] [Debug] EventSource=OpenTelemetry-Instrumentation-AspNet-Telemetry, Message=Activity started, Id='00-6808cb22b8bef5beefe11613e4bc5547-977160fa0aca4cfd-01' 
[2026-03-17T15:39:14.6992196Z] [Debug] EventSource=OpenTelemetry-Instrumentation-AspNet-Telemetry, Message=Callback='Application_EndRequest' 
[2026-03-17T15:39:14.6992196Z] [Debug] EventSource=OpenTelemetry-Sdk, Message=Activity stopped. Name = 'GET', Id = '00-6808cb22b8bef5beefe11613e4bc5547-977160fa0aca4cfd-01'. 
[2026-03-17T15:39:14.6992196Z] [Debug] EventSource=OpenTelemetry-Instrumentation-AspNet-Telemetry, Message=Activity stopped, Id='00-6808cb22b8bef5beefe11613e4bc5547-977160fa0aca4cfd-01' 
[2026-03-17T15:39:16.0410091Z] [Debug] EventSource=OpenTelemetry-Instrumentation-AspNet-Telemetry, Message=Callback='Application_BeginRequest' 
[2026-03-17T15:39:16.0410091Z] [Debug] EventSource=OpenTelemetry-Sdk, Message=Activity started. Name = 'GET', Id = '00-f4442639ffdfa20eec4aaefb1e3e3df0-8c2326b8df0d2fe1-01'. 
[2026-03-17T15:39:16.0420064Z] [Debug] EventSource=OpenTelemetry-Instrumentation-AspNet-Telemetry, Message=Activity started, Id='00-f4442639ffdfa20eec4aaefb1e3e3df0-8c2326b8df0d2fe1-01' 
[2026-03-17T15:39:16.0420064Z] [Debug] EventSource=OpenTelemetry-Instrumentation-AspNet-Telemetry, Message=Callback='Application_EndRequest' 
[2026-03-17T15:39:16.0420064Z] [Debug] EventSource=OpenTelemetry-Sdk, Message=Activity stopped. Name = 'GET', Id = '00-f4442639ffdfa20eec4aaefb1e3e3df0-8c2326b8df0d2fe1-01'. 
[2026-03-17T15:39:16.0420064Z] [Debug] EventSource=OpenTelemetry-Instrumentation-AspNet-Telemetry, Message=Activity stopped, Id='00-f4442639ffdfa20eec4aaefb1e3e3df0-8c2326b8df0d2fe1-01' 
[2026-03-17T15:39:18.4084402Z] [Warning] EventSource=OpenTelemetry-Api, Message=Failed to inject activity context in format: 'TraceContextPropagator', context: 'Invalid context'. 
[2026-03-17T15:39:18.4107808Z] [Information] EventSource=OpenTelemetry-Exporter-OpenTelemetryProtocol, Message=Export succeeded for http://localhost:4318/v1/traces. Message: Export completed successfully. 
[2026-03-17T15:39:19.6505186Z] [Debug] EventSource=OpenTelemetry-Instrumentation-AspNet-Telemetry, Message=Callback='Application_BeginRequest' 
[2026-03-17T15:39:19.6505186Z] [Debug] EventSource=OpenTelemetry-Sdk, Message=Activity started. Name = 'GET', Id = '00-9737f8ed6467dd76c081f296f8a23d53-d693cb92c8316550-01'. 
[2026-03-17T15:39:19.6505186Z] [Debug] EventSource=OpenTelemetry-Instrumentation-AspNet-Telemetry, Message=Activity started, Id='00-9737f8ed6467dd76c081f296f8a23d53-d693cb92c8316550-01' 
[2026-03-17T15:39:19.6515190Z] [Debug] EventSource=OpenTelemetry-Instrumentation-AspNet-Telemetry, Message=Callback='Application_EndRequest' 
[2026-03-17T15:39:19.6515190Z] [Debug] EventSource=OpenTelemetry-Sdk, Message=Activity stopped. Name = 'GET', Id = '00-9737f8ed6467dd76c081f296f8a23d53-d693cb92c8316550-01'. 
[2026-03-17T15:39:19.6515190Z] [Debug] EventSource=OpenTelemetry-Instrumentation-AspNet-Telemetry, Message=Activity stopped, Id='00-9737f8ed6467dd76c081f296f8a23d53-d693cb92c8316550-01' 
[2026-03-17T15:39:21.0124783Z] [Debug] EventSource=OpenTelemetry-Instrumentation-AspNet-Telemetry, Message=Callback='Application_BeginRequest' 
[2026-03-17T15:39:21.0124783Z] [Debug] EventSource=OpenTelemetry-Sdk, Message=Activity started. Name = 'GET', Id = '00-07c1c8ca440b361212a261601674115f-a500b46b6d3e1ee8-01'. 
[2026-03-17T15:39:21.0124783Z] [Debug] EventSource=OpenTelemetry-Instrumentation-AspNet-Telemetry, Message=Activity started, Id='00-07c1c8ca440b361212a261601674115f-a500b46b6d3e1ee8-01' 
[2026-03-17T15:39:21.0124783Z] [Debug] EventSource=OpenTelemetry-Instrumentation-AspNet-Telemetry, Message=Callback='Application_EndRequest' 
[2026-03-17T15:39:21.0124783Z] [Debug] EventSource=OpenTelemetry-Sdk, Message=Activity stopped. Name = 'GET', Id = '00-07c1c8ca440b361212a261601674115f-a500b46b6d3e1ee8-01'. 
[2026-03-17T15:39:21.0124783Z] [Debug] EventSource=OpenTelemetry-Instrumentation-AspNet-Telemetry, Message=Activity stopped, Id='00-07c1c8ca440b361212a261601674115f-a500b46b6d3e1ee8-01' 
[2026-03-17T15:39:23.4168394Z] [Warning] EventSource=OpenTelemetry-Api, Message=Failed to inject activity context in format: 'TraceContextPropagator', context: 'Invalid context'. 
[2026-03-17T15:39:23.4193754Z] [Information] EventSource=OpenTelemetry-Exporter-OpenTelemetryProtocol, Message=Export succeeded for http://localhost:4318/v1/traces. Message: Export completed successfully. 
[2026-03-17T15:39:24.6700354Z] [Debug] EventSource=OpenTelemetry-Instrumentation-AspNet-Telemetry, Message=Callback='Application_BeginRequest' 
[2026-03-17T15:39:24.6700354Z] [Debug] EventSource=OpenTelemetry-Sdk, Message=Activity started. Name = 'GET', Id = '00-616f61d26a7988c38f0c38ba9fb2021d-173a635a539b2d1c-01'. 
[2026-03-17T15:39:24.6700354Z] [Debug] EventSource=OpenTelemetry-Instrumentation-AspNet-Telemetry, Message=Activity started, Id='00-616f61d26a7988c38f0c38ba9fb2021d-173a635a539b2d1c-01' 
[2026-03-17T15:39:24.6710161Z] [Debug] EventSource=OpenTelemetry-Instrumentation-AspNet-Telemetry, Message=Callback='Application_EndRequest' 
[2026-03-17T15:39:24.6710161Z] [Debug] EventSource=OpenTelemetry-Sdk, Message=Activity stopped. Name = 'GET', Id = '00-616f61d26a7988c38f0c38ba9fb2021d-173a635a539b2d1c-01'. 
[2026-03-17T15:39:24.6710161Z] [Debug] EventSource=OpenTelemetry-Instrumentation-AspNet-Telemetry, Message=Activity stopped, Id='00-616f61d26a7988c38f0c38ba9fb2021d-173a635a539b2d1c-01' 
[2026-03-17T15:39:25.9760512Z] [Debug] EventSource=OpenTelemetry-Instrumentation-AspNet-Telemetry, Message=Callback='Application_BeginRequest' 
[2026-03-17T15:39:25.9760512Z] [Debug] EventSource=OpenTelemetry-Sdk, Message=Activity started. Name = 'GET', Id = '00-42d459507855af581d329ade8fd8389e-97d181d7d85b6b6c-01'. 
[2026-03-17T15:39:25.9760512Z] [Debug] EventSource=OpenTelemetry-Instrumentation-AspNet-Telemetry, Message=Activity started, Id='00-42d459507855af581d329ade8fd8389e-97d181d7d85b6b6c-01' 
[2026-03-17T15:39:25.9760512Z] [Debug] EventSource=OpenTelemetry-Instrumentation-AspNet-Telemetry, Message=Callback='Application_EndRequest' 
[2026-03-17T15:39:25.9760512Z] [Debug] EventSource=OpenTelemetry-Sdk, Message=Activity stopped. Name = 'GET', Id = '00-42d459507855af581d329ade8fd8389e-97d181d7d85b6b6c-01'. 
[2026-03-17T15:39:25.9760512Z] [Debug] EventSource=OpenTelemetry-Instrumentation-AspNet-Telemetry, Message=Activity stopped, Id='00-42d459507855af581d329ade8fd8389e-97d181d7d85b6b6c-01' 
[2026-03-17T15:39:28.4292831Z] [Warning] EventSource=OpenTelemetry-Api, Message=Failed to inject activity context in format: 'TraceContextPropagator', context: 'Invalid context'. 
[2026-03-17T15:39:28.4312637Z] [Information] EventSource=OpenTelemetry-Exporter-OpenTelemetryProtocol, Message=Export succeeded for http://localhost:4318/v1/traces. Message: Export completed successfully. 
[2026-03-17T15:39:29.7035098Z] [Debug] EventSource=OpenTelemetry-Instrumentation-AspNet-Telemetry, Message=Callback='Application_BeginRequest' 
[2026-03-17T15:39:29.7035098Z] [Debug] EventSource=OpenTelemetry-Sdk, Message=Activity started. Name = 'GET', Id = '00-f9868c4e743fdd4a9c0a04036cecde3e-15f4939cc249e842-01'. 
[2026-03-17T15:39:29.7035098Z] [Debug] EventSource=OpenTelemetry-Instrumentation-AspNet-Telemetry, Message=Activity started, Id='00-f9868c4e743fdd4a9c0a04036cecde3e-15f4939cc249e842-01' 
[2026-03-17T15:39:29.7045196Z] [Debug] EventSource=OpenTelemetry-Instrumentation-AspNet-Telemetry, Message=Callback='Application_EndRequest' 
[2026-03-17T15:39:29.7045196Z] [Debug] EventSource=OpenTelemetry-Sdk, Message=Activity stopped. Name = 'GET', Id = '00-f9868c4e743fdd4a9c0a04036cecde3e-15f4939cc249e842-01'. 
[2026-03-17T15:39:29.7045196Z] [Debug] EventSource=OpenTelemetry-Instrumentation-AspNet-Telemetry, Message=Activity stopped, Id='00-f9868c4e743fdd4a9c0a04036cecde3e-15f4939cc249e842-01' 
[2026-03-17T15:39:30.9610228Z] [Debug] EventSource=OpenTelemetry-Instrumentation-AspNet-Telemetry, Message=Callback='Application_BeginRequest' 
[2026-03-17T15:39:30.9610228Z] [Debug] EventSource=OpenTelemetry-Sdk, Message=Activity started. Name = 'GET', Id = '00-b2e3872972f49ac2501e8ed42662af11-436b9140c7570978-01'. 
[2026-03-17T15:39:30.9610228Z] [Debug] EventSource=OpenTelemetry-Instrumentation-AspNet-Telemetry, Message=Activity started, Id='00-b2e3872972f49ac2501e8ed42662af11-436b9140c7570978-01' 
[2026-03-17T15:39:30.9610228Z] [Debug] EventSource=OpenTelemetry-Instrumentation-AspNet-Telemetry, Message=Callback='Application_EndRequest' 
[2026-03-17T15:39:30.9610228Z] [Debug] EventSource=OpenTelemetry-Sdk, Message=Activity stopped. Name = 'GET', Id = '00-b2e3872972f49ac2501e8ed42662af11-436b9140c7570978-01'. 
[2026-03-17T15:39:30.9610228Z] [Debug] EventSource=OpenTelemetry-Instrumentation-AspNet-Telemetry, Message=Activity stopped, Id='00-b2e3872972f49ac2501e8ed42662af11-436b9140c7570978-01' 
[2026-03-17T15:39:33.4440615Z] [Warning] EventSource=OpenTelemetry-Api, Message=Failed to inject activity context in format: 'TraceContextPropagator', context: 'Invalid context'. 
[2026-03-17T15:39:33.4460402Z] [Information] EventSource=OpenTelemetry-Exporter-OpenTelemetryProtocol, Message=Export succeeded for http://localhost:4318/v1/traces. Message: Export completed successfully. 
[2026-03-17T15:39:34.6707396Z] [Debug] EventSource=OpenTelemetry-Instrumentation-AspNet-Telemetry, Message=Callback='Application_BeginRequest' 
[2026-03-17T15:39:34.6707396Z] [Debug] EventSource=OpenTelemetry-Sdk, Message=Activity started. Name = 'GET', Id = '00-74b0b3121d0f819985d4c5d336a688af-ce84e16f34af3e9c-01'. 
[2026-03-17T15:39:34.6707396Z] [Debug] EventSource=OpenTelemetry-Instrumentation-AspNet-Telemetry, Message=Activity started, Id='00-74b0b3121d0f819985d4c5d336a688af-ce84e16f34af3e9c-01' 
[2026-03-17T15:39:34.6717412Z] [Debug] EventSource=OpenTelemetry-Instrumentation-AspNet-Telemetry, Message=Callback='Application_EndRequest' 
[2026-03-17T15:39:34.6717412Z] [Debug] EventSource=OpenTelemetry-Sdk, Message=Activity stopped. Name = 'GET', Id = '00-74b0b3121d0f819985d4c5d336a688af-ce84e16f34af3e9c-01'. 
[2026-03-17T15:39:34.6717412Z] [Debug] EventSource=OpenTelemetry-Instrumentation-AspNet-Telemetry, Message=Activity stopped, Id='00-74b0b3121d0f819985d4c5d336a688af-ce84e16f34af3e9c-01' 
[2026-03-17T15:39:36.0162699Z] [Debug] EventSource=OpenTelemetry-Instrumentation-AspNet-Telemetry, Message=Callback='Application_BeginRequest' 
[2026-03-17T15:39:36.0162699Z] [Debug] EventSource=OpenTelemetry-Sdk, Message=Activity started. Name = 'GET', Id = '00-0482ad45d60d0f71b1d1355ed7d15569-c727105ff1f3b2a5-01'. 
[2026-03-17T15:39:36.0162699Z] [Debug] EventSource=OpenTelemetry-Instrumentation-AspNet-Telemetry, Message=Activity started, Id='00-0482ad45d60d0f71b1d1355ed7d15569-c727105ff1f3b2a5-01' 
[2026-03-17T15:39:36.0172790Z] [Debug] EventSource=OpenTelemetry-Instrumentation-AspNet-Telemetry, Message=Callback='Application_EndRequest' 
[2026-03-17T15:39:36.0172790Z] [Debug] EventSource=OpenTelemetry-Sdk, Message=Activity stopped. Name = 'GET', Id = '00-0482ad45d60d0f71b1d1355ed7d15569-c727105ff1f3b2a5-01'. 
[2026-03-17T15:39:36.0172790Z] [Debug] EventSource=OpenTelemetry-Instrumentation-AspNet-Telemetry, Message=Activity stopped, Id='00-0482ad45d60d0f71b1d1355ed7d15569-c727105ff1f3b2a5-01' 
[2026-03-17T15:39:38.4460969Z] [Warning] EventSource=OpenTelemetry-Api, Message=Failed to inject activity context in format: 'TraceContextPropagator', context: 'Invalid context'. 
[2026-03-17T15:39:38.4481981Z] [Information] EventSource=OpenTelemetry-Exporter-OpenTelemetryProtocol, Message=Export succeeded for http://localhost:4318/v1/traces. Message: Export completed successfully. 
[2026-03-17T15:39:39.7017150Z] [Debug] EventSource=OpenTelemetry-Instrumentation-AspNet-Telemetry, Message=Callback='Application_BeginRequest' 
[2026-03-17T15:39:39.7017150Z] [Debug] EventSource=OpenTelemetry-Sdk, Message=Activity started. Name = 'GET', Id = '00-64169a310ccb37046d94254b6baa751b-1f0392133c1c776e-01'. 
[2026-03-17T15:39:39.7017150Z] [Debug] EventSource=OpenTelemetry-Instrumentation-AspNet-Telemetry, Message=Activity started, Id='00-64169a310ccb37046d94254b6baa751b-1f0392133c1c776e-01' 
[2026-03-17T15:39:39.7017150Z] [Debug] EventSource=OpenTelemetry-Instrumentation-AspNet-Telemetry, Message=Callback='Application_EndRequest' 
[2026-03-17T15:39:39.7017150Z] [Debug] EventSource=OpenTelemetry-Sdk, Message=Activity stopped. Name = 'GET', Id = '00-64169a310ccb37046d94254b6baa751b-1f0392133c1c776e-01'. 
[2026-03-17T15:39:39.7017150Z] [Debug] EventSource=OpenTelemetry-Instrumentation-AspNet-Telemetry, Message=Activity stopped, Id='00-64169a310ccb37046d94254b6baa751b-1f0392133c1c776e-01' 
[2026-03-17T15:39:41.0312681Z] [Debug] EventSource=OpenTelemetry-Instrumentation-AspNet-Telemetry, Message=Callback='Application_BeginRequest' 
[2026-03-17T15:39:41.0312681Z] [Debug] EventSource=OpenTelemetry-Sdk, Message=Activity started. Name = 'GET', Id = '00-e7032a54dcfb43825a76a44d6db84586-a1a07d6f6797a911-01'. 
[2026-03-17T15:39:41.0312681Z] [Debug] EventSource=OpenTelemetry-Instrumentation-AspNet-Telemetry, Message=Activity started, Id='00-e7032a54dcfb43825a76a44d6db84586-a1a07d6f6797a911-01' 
[2026-03-17T15:39:41.0322956Z] [Debug] EventSource=OpenTelemetry-Instrumentation-AspNet-Telemetry, Message=Callback='Application_EndRequest' 
[2026-03-17T15:39:41.0322956Z] [Debug] EventSource=OpenTelemetry-Sdk, Message=Activity stopped. Name = 'GET', Id = '00-e7032a54dcfb43825a76a44d6db84586-a1a07d6f6797a911-01'. 
[2026-03-17T15:39:41.0322956Z] [Debug] EventSource=OpenTelemetry-Instrumentation-AspNet-Telemetry, Message=Activity stopped, Id='00-e7032a54dcfb43825a76a44d6db84586-a1a07d6f6797a911-01' 
[2026-03-17T15:39:43.4622321Z] [Warning] EventSource=OpenTelemetry-Api, Message=Failed to inject activity context in format: 'TraceContextPropagator', context: 'Invalid context'. 
[2026-03-17T15:39:43.4645771Z] [Information] EventSource=OpenTelemetry-Exporter-OpenTelemetryProtocol, Message=Export succeeded for http://localhost:4318/v1/traces. Message: Export completed successfully. 
[2026-03-17T15:39:44.6574724Z] [Debug] EventSource=OpenTelemetry-Instrumentation-AspNet-Telemetry, Message=Callback='Application_BeginRequest' 
[2026-03-17T15:39:44.6574724Z] [Debug] EventSource=OpenTelemetry-Sdk, Message=Activity started. Name = 'GET', Id = '00-b6a02e97f4deddb56faf478357bd42bd-9552214dff2e75cd-01'. 
[2026-03-17T15:39:44.6574724Z] [Debug] EventSource=OpenTelemetry-Instrumentation-AspNet-Telemetry, Message=Activity started, Id='00-b6a02e97f4deddb56faf478357bd42bd-9552214dff2e75cd-01' 
[2026-03-17T15:39:44.6574724Z] [Debug] EventSource=OpenTelemetry-Instrumentation-AspNet-Telemetry, Message=Callback='Application_EndRequest' 
[2026-03-17T15:39:44.6574724Z] [Debug] EventSource=OpenTelemetry-Sdk, Message=Activity stopped. Name = 'GET', Id = '00-b6a02e97f4deddb56faf478357bd42bd-9552214dff2e75cd-01'. 
[2026-03-17T15:39:44.6574724Z] [Debug] EventSource=OpenTelemetry-Instrumentation-AspNet-Telemetry, Message=Activity stopped, Id='00-b6a02e97f4deddb56faf478357bd42bd-9552214dff2e75cd-01' 
[2026-03-17T15:39:46.0006339Z] [Debug] EventSource=OpenTelemetry-Instrumentation-AspNet-Telemetry, Message=Callback='Application_BeginRequest' 
[2026-03-17T15:39:46.0006339Z] [Debug] EventSource=OpenTelemetry-Sdk, Message=Activity started. Name = 'GET', Id = '00-e6febbeb442450ad031b6e91622b4e16-da3fc6b39898c7fc-01'. 
[2026-03-17T15:39:46.0006339Z] [Debug] EventSource=OpenTelemetry-Instrumentation-AspNet-Telemetry, Message=Activity started, Id='00-e6febbeb442450ad031b6e91622b4e16-da3fc6b39898c7fc-01' 
[2026-03-17T15:39:46.0016587Z] [Debug] EventSource=OpenTelemetry-Instrumentation-AspNet-Telemetry, Message=Callback='Application_EndRequest' 
[2026-03-17T15:39:46.0016587Z] [Debug] EventSource=OpenTelemetry-Sdk, Message=Activity stopped. Name = 'GET', Id = '00-e6febbeb442450ad031b6e91622b4e16-da3fc6b39898c7fc-01'. 
[2026-03-17T15:39:46.0016587Z] [Debug] EventSource=OpenTelemetry-Instrumentation-AspNet-Telemetry, Message=Activity stopped, Id='00-e6febbeb442450ad031b6e91622b4e16-da3fc6b39898c7fc-01' 
[2026-03-17T15:39:48.4656392Z] [Warning] EventSource=OpenTelemetry-Api, Message=Failed to inject activity context in format: 'TraceContextPropagator', context: 'Invalid context'. 
[2026-03-17T15:39:48.4677196Z] [Information] EventSource=OpenTelemetry-Exporter-OpenTelemetryProtocol, Message=Export succeeded for http://localhost:4318/v1/traces. Message: Export completed successfully. 
[2026-03-17T15:39:49.7199542Z] [Debug] EventSource=OpenTelemetry-Instrumentation-AspNet-Telemetry, Message=Callback='Application_BeginRequest' 
[2026-03-17T15:39:49.7199542Z] [Debug] EventSource=OpenTelemetry-Sdk, Message=Activity started. Name = 'GET', Id = '00-4b453aab42f65f0fed2f99ca46f785fd-5fcca4fe65e13033-01'. 
[2026-03-17T15:39:49.7199542Z] [Debug] EventSource=OpenTelemetry-Instrumentation-AspNet-Telemetry, Message=Activity started, Id='00-4b453aab42f65f0fed2f99ca46f785fd-5fcca4fe65e13033-01' 
[2026-03-17T15:39:49.7199542Z] [Debug] EventSource=OpenTelemetry-Instrumentation-AspNet-Telemetry, Message=Callback='Application_EndRequest' 
[2026-03-17T15:39:49.7199542Z] [Debug] EventSource=OpenTelemetry-Sdk, Message=Activity stopped. Name = 'GET', Id = '00-4b453aab42f65f0fed2f99ca46f785fd-5fcca4fe65e13033-01'. 
[2026-03-17T15:39:49.7199542Z] [Debug] EventSource=OpenTelemetry-Instrumentation-AspNet-Telemetry, Message=Activity stopped, Id='00-4b453aab42f65f0fed2f99ca46f785fd-5fcca4fe65e13033-01' 
[2026-03-17T15:39:50.9888046Z] [Debug] EventSource=OpenTelemetry-Instrumentation-AspNet-Telemetry, Message=Callback='Application_BeginRequest' 
[2026-03-17T15:39:50.9888046Z] [Debug] EventSource=OpenTelemetry-Sdk, Message=Activity started. Name = 'GET', Id = '00-b55fd22a0c135f4c7cc12483fa8709b1-b72b12505082a0cf-01'. 
[2026-03-17T15:39:50.9888046Z] [Debug] EventSource=OpenTelemetry-Instrumentation-AspNet-Telemetry, Message=Activity started, Id='00-b55fd22a0c135f4c7cc12483fa8709b1-b72b12505082a0cf-01' 
[2026-03-17T15:39:50.9888046Z] [Debug] EventSource=OpenTelemetry-Instrumentation-AspNet-Telemetry, Message=Callback='Application_EndRequest' 
[2026-03-17T15:39:50.9888046Z] [Debug] EventSource=OpenTelemetry-Sdk, Message=Activity stopped. Name = 'GET', Id = '00-b55fd22a0c135f4c7cc12483fa8709b1-b72b12505082a0cf-01'. 
[2026-03-17T15:39:50.9888046Z] [Debug] EventSource=OpenTelemetry-Instrumentation-AspNet-Telemetry, Message=Activity stopped, Id='00-b55fd22a0c135f4c7cc12483fa8709b1-b72b12505082a0cf-01' 
[2026-03-17T15:39:53.4725513Z] [Warning] EventSource=OpenTelemetry-Api, Message=Failed to inject activity context in format: 'TraceContextPropagator', context: 'Invalid context'. 
[2026-03-17T15:39:53.4736750Z] [Information] EventSource=OpenTelemetry-Exporter-OpenTelemetryProtocol, Message=Export succeeded for http://localhost:4318/v1/traces. Message: Export completed successfully. 
[2026-03-17T15:39:54.6597308Z] [Debug] EventSource=OpenTelemetry-Instrumentation-AspNet-Telemetry, Message=Callback='Application_BeginRequest' 
[2026-03-17T15:39:54.6597308Z] [Debug] EventSource=OpenTelemetry-Sdk, Message=Activity started. Name = 'GET', Id = '00-8e53004ac9d9ba0a21e2e475715eee4e-fc62392cbbb2e1ab-01'. 
[2026-03-17T15:39:54.6607375Z] [Debug] EventSource=OpenTelemetry-Instrumentation-AspNet-Telemetry, Message=Activity started, Id='00-8e53004ac9d9ba0a21e2e475715eee4e-fc62392cbbb2e1ab-01' 
[2026-03-17T15:39:54.6607375Z] [Debug] EventSource=OpenTelemetry-Instrumentation-AspNet-Telemetry, Message=Callback='Application_EndRequest' 
[2026-03-17T15:39:54.6607375Z] [Debug] EventSource=OpenTelemetry-Sdk, Message=Activity stopped. Name = 'GET', Id = '00-8e53004ac9d9ba0a21e2e475715eee4e-fc62392cbbb2e1ab-01'. 
[2026-03-17T15:39:54.6607375Z] [Debug] EventSource=OpenTelemetry-Instrumentation-AspNet-Telemetry, Message=Activity stopped, Id='00-8e53004ac9d9ba0a21e2e475715eee4e-fc62392cbbb2e1ab-01' 
[2026-03-17T15:39:56.0048269Z] [Debug] EventSource=OpenTelemetry-Instrumentation-AspNet-Telemetry, Message=Callback='Application_BeginRequest' 
[2026-03-17T15:39:56.0048269Z] [Debug] EventSource=OpenTelemetry-Sdk, Message=Activity started. Name = 'GET', Id = '00-13a247265f622a037faf0b0d2b96fad6-598f83efcf1f0961-01'. 
[2026-03-17T15:39:56.0048269Z] [Debug] EventSource=OpenTelemetry-Instrumentation-AspNet-Telemetry, Message=Activity started, Id='00-13a247265f622a037faf0b0d2b96fad6-598f83efcf1f0961-01' 
[2026-03-17T15:39:56.0048269Z] [Debug] EventSource=OpenTelemetry-Instrumentation-AspNet-Telemetry, Message=Callback='Application_EndRequest' 
[2026-03-17T15:39:56.0048269Z] [Debug] EventSource=OpenTelemetry-Sdk, Message=Activity stopped. Name = 'GET', Id = '00-13a247265f622a037faf0b0d2b96fad6-598f83efcf1f0961-01'. 
[2026-03-17T15:39:56.0048269Z] [Debug] EventSource=OpenTelemetry-Instrumentation-AspNet-Telemetry, Message=Activity stopped, Id='00-13a247265f622a037faf0b0d2b96fad6-598f83efcf1f0961-01' 
[2026-03-17T15:39:58.4827340Z] [Warning] EventSource=OpenTelemetry-Api, Message=Failed to inject activity context in format: 'TraceContextPropagator', context: 'Invalid context'. 
[2026-03-17T15:39:58.4850861Z] [Information] EventSource=OpenTelemetry-Exporter-OpenTelemetryProtocol, Message=Export succeeded for http://localhost:4318/v1/traces. Message: Export completed successfully. 
[2026-03-17T15:39:59.6713754Z] [Debug] EventSource=OpenTelemetry-Instrumentation-AspNet-Telemetry, Message=Callback='Application_BeginRequest' 
[2026-03-17T15:39:59.6713754Z] [Debug] EventSource=OpenTelemetry-Sdk, Message=Activity started. Name = 'GET', Id = '00-db9d24535b07eacb32ad3a3d69471ac6-ec6657e73f486ddb-01'. 
[2026-03-17T15:39:59.6713754Z] [Debug] EventSource=OpenTelemetry-Instrumentation-AspNet-Telemetry, Message=Activity started, Id='00-db9d24535b07eacb32ad3a3d69471ac6-ec6657e73f486ddb-01' 
[2026-03-17T15:39:59.6723746Z] [Debug] EventSource=OpenTelemetry-Instrumentation-AspNet-Telemetry, Message=Callback='Application_EndRequest' 
[2026-03-17T15:39:59.6723746Z] [Debug] EventSource=OpenTelemetry-Sdk, Message=Activity stopped. Name = 'GET', Id = '00-db9d24535b07eacb32ad3a3d69471ac6-ec6657e73f486ddb-01'. 
[2026-03-17T15:39:59.6723746Z] [Debug] EventSource=OpenTelemetry-Instrumentation-AspNet-Telemetry, Message=Activity stopped, Id='00-db9d24535b07eacb32ad3a3d69471ac6-ec6657e73f486ddb-01' 
[2026-03-17T15:40:00.9805156Z] [Debug] EventSource=OpenTelemetry-Instrumentation-AspNet-Telemetry, Message=Callback='Application_BeginRequest' 
[2026-03-17T15:40:00.9805156Z] [Debug] EventSource=OpenTelemetry-Sdk, Message=Activity started. Name = 'GET', Id = '00-16b1ddd5b7f61ae50d5ecb355b60f354-835799d7c7ae5f90-01'. 
[2026-03-17T15:40:00.9805156Z] [Debug] EventSource=OpenTelemetry-Instrumentation-AspNet-Telemetry, Message=Activity started, Id='00-16b1ddd5b7f61ae50d5ecb355b60f354-835799d7c7ae5f90-01' 
[2026-03-17T15:40:00.9805156Z] [Debug] EventSource=OpenTelemetry-Instrumentation-AspNet-Telemetry, Message=Callback='Application_EndRequest' 
[2026-03-17T15:40:00.9805156Z] [Debug] EventSource=OpenTelemetry-Sdk, Message=Activity stopped. Name = 'GET', Id = '00-16b1ddd5b7f61ae50d5ecb355b60f354-835799d7c7ae5f90-01'. 
[2026-03-17T15:40:00.9805156Z] [Debug] EventSource=OpenTelemetry-Instrumentation-AspNet-Telemetry, Message=Activity stopped, Id='00-16b1ddd5b7f61ae50d5ecb355b60f354-835799d7c7ae5f90-01' 
[2026-03-17T15:40:02.7245689Z] [Debug] EventSource=OpenTelemetry-Sdk, Message=MetricReader event: 'PeriodicExportingMetricReader calling MetricReader.Collect because the export interval has elapsed.' 
[2026-03-17T15:40:02.7245689Z] [Debug] EventSource=OpenTelemetry-Sdk, Message=MetricReader event: 'MetricReader.Collect method called.' 
[2026-03-17T15:40:02.7245689Z] [Debug] EventSource=OpenTelemetry-Sdk, Message=MetricReader event: 'MetricReader.OnCollect called.' 
[2026-03-17T15:40:02.7355259Z] [Debug] EventSource=OpenTelemetry-Sdk, Message=MetricReader event: 'Observable instruments collected.' 
[2026-03-17T15:40:02.7355259Z] [Debug] EventSource=OpenTelemetry-Sdk, Message=MetricReader event: 'ProcessMetrics called.' 
[2026-03-17T15:40:02.7355259Z] [Debug] EventSource=OpenTelemetry-Sdk, Message=MetricReader event: 'BaseExportingMetricReader calling OpenTelemetry.Exporter.OtlpMetricExporter.Export method.' 
[2026-03-17T15:40:02.7365215Z] [Warning] EventSource=OpenTelemetry-Api, Message=Failed to inject activity context in format: 'TraceContextPropagator', context: 'Invalid context'. 
[2026-03-17T15:40:02.7395810Z] [Error] EventSource=OpenTelemetry-Exporter-OpenTelemetryProtocol, Message=HTTP request to http://localhost:4318/v1/metrics failed. Response: . Exception: System.Net.Http.HttpRequestException: Response status code does not indicate success: 404 (Not Found).
   at System.Net.Http.HttpResponseMessage.EnsureSuccessStatusCode()
   at OpenTelemetry.Exporter.OpenTelemetryProtocol.Implementation.ExportClient.OtlpHttpExportClient.SendExportRequest(Byte[] buffer, Int32 contentLength, DateTime deadlineUtc, CancellationToken cancellationToken) 
[2026-03-17T15:40:02.7395810Z] [Debug] EventSource=OpenTelemetry-Sdk, Message=MetricReader event: 'OpenTelemetry.Exporter.OtlpMetricExporter.Export failed.' 
[2026-03-17T15:40:02.7395810Z] [Debug] EventSource=OpenTelemetry-Sdk, Message=MetricReader event: 'ProcessMetrics failed.' 
[2026-03-17T15:40:02.7395810Z] [Debug] EventSource=OpenTelemetry-Sdk, Message=MetricReader event: 'MetricReader.Collect failed.' 
[2026-03-17T15:40:03.4950347Z] [Warning] EventSource=OpenTelemetry-Api, Message=Failed to inject activity context in format: 'TraceContextPropagator', context: 'Invalid context'. 
[2026-03-17T15:40:03.4958922Z] [Information] EventSource=OpenTelemetry-Exporter-OpenTelemetryProtocol, Message=Export succeeded for http://localhost:4318/v1/traces. Message: Export completed successfully. 
[2026-03-17T15:40:04.6751989Z] [Debug] EventSource=OpenTelemetry-Instrumentation-AspNet-Telemetry, Message=Callback='Application_BeginRequest' 
[2026-03-17T15:40:04.6751989Z] [Debug] EventSource=OpenTelemetry-Sdk, Message=Activity started. Name = 'GET', Id = '00-b358d8a2de39b229b654fac1a84f4d67-7eb61a2f4ae0183b-01'. 
[2026-03-17T15:40:04.6751989Z] [Debug] EventSource=OpenTelemetry-Instrumentation-AspNet-Telemetry, Message=Activity started, Id='00-b358d8a2de39b229b654fac1a84f4d67-7eb61a2f4ae0183b-01' 
[2026-03-17T15:40:04.6751989Z] [Debug] EventSource=OpenTelemetry-Instrumentation-AspNet-Telemetry, Message=Callback='Application_EndRequest' 
[2026-03-17T15:40:04.6751989Z] [Debug] EventSource=OpenTelemetry-Sdk, Message=Activity stopped. Name = 'GET', Id = '00-b358d8a2de39b229b654fac1a84f4d67-7eb61a2f4ae0183b-01'. 
[2026-03-17T15:40:04.6751989Z] [Debug] EventSource=OpenTelemetry-Instrumentation-AspNet-Telemetry, Message=Activity stopped, Id='00-b358d8a2de39b229b654fac1a84f4d67-7eb61a2f4ae0183b-01' 
[2026-03-17T15:40:05.9673228Z] [Debug] EventSource=OpenTelemetry-Instrumentation-AspNet-Telemetry, Message=Callback='Application_BeginRequest' 
[2026-03-17T15:40:05.9673228Z] [Debug] EventSource=OpenTelemetry-Sdk, Message=Activity started. Name = 'GET', Id = '00-d6befb02df8e4d55f2b46c30ad277462-f46fe3b070305f60-01'. 
[2026-03-17T15:40:05.9673228Z] [Debug] EventSource=OpenTelemetry-Instrumentation-AspNet-Telemetry, Message=Activity started, Id='00-d6befb02df8e4d55f2b46c30ad277462-f46fe3b070305f60-01' 
[2026-03-17T15:40:05.9673228Z] [Debug] EventSource=OpenTelemetry-Instrumentation-AspNet-Telemetry, Message=Callback='Application_EndRequest' 
[2026-03-17T15:40:05.9673228Z] [Debug] EventSource=OpenTelemetry-Sdk, Message=Activity stopped. Name = 'GET', Id = '00-d6befb02df8e4d55f2b46c30ad277462-f46fe3b070305f60-01'. 
[2026-03-17T15:40:05.9673228Z] [Debug] EventSource=OpenTelemetry-Instrumentation-AspNet-Telemetry, Message=Activity stopped, Id='00-d6befb02df8e4d55f2b46c30ad277462-f46fe3b070305f60-01' 
[2026-03-17T15:40:06.3126178Z] [Debug] EventSource=OpenTelemetry-Sdk, Message=Activity started. Name = 'AVAFX_General', Id = '00-7350987375ad5b5bea381868e96be2fd-d214c9874df6eae0-01'. 
[2026-03-17T15:40:06.3126178Z] [Debug] EventSource=OpenTelemetry-Sdk, Message=Activity stopped. Name = 'AVAFX_General', Id = '00-7350987375ad5b5bea381868e96be2fd-d214c9874df6eae0-01'. 
[2026-03-17T15:40:08.5076978Z] [Warning] EventSource=OpenTelemetry-Api, Message=Failed to inject activity context in format: 'TraceContextPropagator', context: 'Invalid context'. 
[2026-03-17T15:40:08.5103087Z] [Information] EventSource=OpenTelemetry-Exporter-OpenTelemetryProtocol, Message=Export succeeded for http://localhost:4318/v1/traces. Message: Export completed successfully. 
[2026-03-17T15:40:09.7089035Z] [Debug] EventSource=OpenTelemetry-Instrumentation-AspNet-Telemetry, Message=Callback='Application_BeginRequest' 
[2026-03-17T15:40:09.7089035Z] [Debug] EventSource=OpenTelemetry-Sdk, Message=Activity started. Name = 'GET', Id = '00-140f11ad739b940d34001b7789560e21-8441ab7e2760229a-01'. 
[2026-03-17T15:40:09.7098999Z] [Debug] EventSource=OpenTelemetry-Instrumentation-AspNet-Telemetry, Message=Activity started, Id='00-140f11ad739b940d34001b7789560e21-8441ab7e2760229a-01' 
[2026-03-17T15:40:09.7098999Z] [Debug] EventSource=OpenTelemetry-Instrumentation-AspNet-Telemetry, Message=Callback='Application_EndRequest' 
[2026-03-17T15:40:09.7098999Z] [Debug] EventSource=OpenTelemetry-Sdk, Message=Activity stopped. Name = 'GET', Id = '00-140f11ad739b940d34001b7789560e21-8441ab7e2760229a-01'. 
[2026-03-17T15:40:09.7098999Z] [Debug] EventSource=OpenTelemetry-Instrumentation-AspNet-Telemetry, Message=Activity stopped, Id='00-140f11ad739b940d34001b7789560e21-8441ab7e2760229a-01' 
[2026-03-17T15:40:11.0285859Z] [Debug] EventSource=OpenTelemetry-Instrumentation-AspNet-Telemetry, Message=Callback='Application_BeginRequest' 
[2026-03-17T15:40:11.0285859Z] [Debug] EventSource=OpenTelemetry-Sdk, Message=Activity started. Name = 'GET', Id = '00-fe86af31306f3983ddd8e36888637a85-9e690fd04b018d8f-01'. 
[2026-03-17T15:40:11.0285859Z] [Debug] EventSource=OpenTelemetry-Instrumentation-AspNet-Telemetry, Message=Activity started, Id='00-fe86af31306f3983ddd8e36888637a85-9e690fd04b018d8f-01' 
[2026-03-17T15:40:11.0285859Z] [Debug] EventSource=OpenTelemetry-Instrumentation-AspNet-Telemetry, Message=Callback='Application_EndRequest' 
[2026-03-17T15:40:11.0285859Z] [Debug] EventSource=OpenTelemetry-Sdk, Message=Activity stopped. Name = 'GET', Id = '00-fe86af31306f3983ddd8e36888637a85-9e690fd04b018d8f-01'. 
[2026-03-17T15:40:11.0285859Z] [Debug] EventSource=OpenTelemetry-Instrumentation-AspNet-Telemetry, Message=Activity stopped, Id='00-fe86af31306f3983ddd8e36888637a85-9e690fd04b018d8f-01' 
[2026-03-17T15:40:13.5268717Z] [Warning] EventSource=OpenTelemetry-Api, Message=Failed to inject activity context in format: 'TraceContextPropagator', context: 'Invalid context'. 
[2026-03-17T15:40:13.5279702Z] [Information] EventSource=OpenTelemetry-Exporter-OpenTelemetryProtocol, Message=Export succeeded for http://localhost:4318/v1/traces. Message: Export completed successfully. 
[2026-03-17T15:40:14.7267060Z] [Debug] EventSource=OpenTelemetry-Instrumentation-AspNet-Telemetry, Message=Callback='Application_BeginRequest' 
[2026-03-17T15:40:14.7267060Z] [Debug] EventSource=OpenTelemetry-Sdk, Message=Activity started. Name = 'GET', Id = '00-57355f35a6626a7b20b526da09797bde-576c29794a48f093-01'. 
[2026-03-17T15:40:14.7267060Z] [Debug] EventSource=OpenTelemetry-Instrumentation-AspNet-Telemetry, Message=Activity started, Id='00-57355f35a6626a7b20b526da09797bde-576c29794a48f093-01' 
[2026-03-17T15:40:14.7277083Z] [Debug] EventSource=OpenTelemetry-Instrumentation-AspNet-Telemetry, Message=Callback='Application_EndRequest' 
[2026-03-17T15:40:14.7277083Z] [Debug] EventSource=OpenTelemetry-Sdk, Message=Activity stopped. Name = 'GET', Id = '00-57355f35a6626a7b20b526da09797bde-576c29794a48f093-01'. 
[2026-03-17T15:40:14.7277083Z] [Debug] EventSource=OpenTelemetry-Instrumentation-AspNet-Telemetry, Message=Activity stopped, Id='00-57355f35a6626a7b20b526da09797bde-576c29794a48f093-01' 
[2026-03-17T15:40:15.9746701Z] [Debug] EventSource=OpenTelemetry-Instrumentation-AspNet-Telemetry, Message=Callback='Application_BeginRequest' 
[2026-03-17T15:40:15.9746701Z] [Debug] EventSource=OpenTelemetry-Sdk, Message=Activity started. Name = 'GET', Id = '00-4028e83773206f15aeeb838a77abc68a-fcd166e1a05bae5c-01'. 
[2026-03-17T15:40:15.9746701Z] [Debug] EventSource=OpenTelemetry-Instrumentation-AspNet-Telemetry, Message=Activity started, Id='00-4028e83773206f15aeeb838a77abc68a-fcd166e1a05bae5c-01' 
[2026-03-17T15:40:15.9746701Z] [Debug] EventSource=OpenTelemetry-Instrumentation-AspNet-Telemetry, Message=Callback='Application_EndRequest' 
[2026-03-17T15:40:15.9746701Z] [Debug] EventSource=OpenTelemetry-Sdk, Message=Activity stopped. Name = 'GET', Id = '00-4028e83773206f15aeeb838a77abc68a-fcd166e1a05bae5c-01'. 
[2026-03-17T15:40:15.9746701Z] [Debug] EventSource=OpenTelemetry-Instrumentation-AspNet-Telemetry, Message=Activity stopped, Id='00-4028e83773206f15aeeb838a77abc68a-fcd166e1a05bae5c-01' 
[2026-03-17T15:40:18.5411437Z] [Warning] EventSource=OpenTelemetry-Api, Message=Failed to inject activity context in format: 'TraceContextPropagator', context: 'Invalid context'. 
[2026-03-17T15:40:18.5431118Z] [Information] EventSource=OpenTelemetry-Exporter-OpenTelemetryProtocol, Message=Export succeeded for http://localhost:4318/v1/traces. Message: Export completed successfully. 
[2026-03-17T15:40:19.6526407Z] [Debug] EventSource=OpenTelemetry-Instrumentation-AspNet-Telemetry, Message=Callback='Application_BeginRequest' 
[2026-03-17T15:40:19.6526407Z] [Debug] EventSource=OpenTelemetry-Sdk, Message=Activity started. Name = 'GET', Id = '00-eba9a71e4ac7bbfd60e4b992773da406-26f5bfcde689bd1d-01'. 
[2026-03-17T15:40:19.6526407Z] [Debug] EventSource=OpenTelemetry-Instrumentation-AspNet-Telemetry, Message=Activity started, Id='00-eba9a71e4ac7bbfd60e4b992773da406-26f5bfcde689bd1d-01' 
[2026-03-17T15:40:19.6536438Z] [Debug] EventSource=OpenTelemetry-Instrumentation-AspNet-Telemetry, Message=Callback='Application_EndRequest' 
[2026-03-17T15:40:19.6536438Z] [Debug] EventSource=OpenTelemetry-Sdk, Message=Activity stopped. Name = 'GET', Id = '00-eba9a71e4ac7bbfd60e4b992773da406-26f5bfcde689bd1d-01'. 
[2026-03-17T15:40:19.6536438Z] [Debug] EventSource=OpenTelemetry-Instrumentation-AspNet-Telemetry, Message=Activity stopped, Id='00-eba9a71e4ac7bbfd60e4b992773da406-26f5bfcde689bd1d-01' 
[2026-03-17T15:40:20.9977891Z] [Debug] EventSource=OpenTelemetry-Instrumentation-AspNet-Telemetry, Message=Callback='Application_BeginRequest' 
[2026-03-17T15:40:20.9977891Z] [Debug] EventSource=OpenTelemetry-Sdk, Message=Activity started. Name = 'GET', Id = '00-afbb8ae603525ace8a179e1a1352b64b-1cbd360b035c4629-01'. 
[2026-03-17T15:40:20.9977891Z] [Debug] EventSource=OpenTelemetry-Instrumentation-AspNet-Telemetry, Message=Activity started, Id='00-afbb8ae603525ace8a179e1a1352b64b-1cbd360b035c4629-01' 
[2026-03-17T15:40:20.9977891Z] [Debug] EventSource=OpenTelemetry-Instrumentation-AspNet-Telemetry, Message=Callback='Application_EndRequest' 
[2026-03-17T15:40:20.9977891Z] [Debug] EventSource=OpenTelemetry-Sdk, Message=Activity stopped. Name = 'GET', Id = '00-afbb8ae603525ace8a179e1a1352b64b-1cbd360b035c4629-01'. 
[2026-03-17T15:40:20.9977891Z] [Debug] EventSource=OpenTelemetry-Instrumentation-AspNet-Telemetry, Message=Activity stopped, Id='00-afbb8ae603525ace8a179e1a1352b64b-1cbd360b035c4629-01' 
[2026-03-17T15:40:23.5443552Z] [Warning] EventSource=OpenTelemetry-Api, Message=Failed to inject activity context in format: 'TraceContextPropagator', context: 'Invalid context'. 
[2026-03-17T15:40:23.5463508Z] [Information] EventSource=OpenTelemetry-Exporter-OpenTelemetryProtocol, Message=Export succeeded for http://localhost:4318/v1/traces. Message: Export completed successfully. 
[2026-03-17T15:40:24.7388338Z] [Debug] EventSource=OpenTelemetry-Instrumentation-AspNet-Telemetry, Message=Callback='Application_BeginRequest' 
[2026-03-17T15:40:24.7398307Z] [Debug] EventSource=OpenTelemetry-Sdk, Message=Activity started. Name = 'GET', Id = '00-bb0e5e1f5d6a80dcb3565c416d5f1ac9-46aee23d6cfcd06c-01'. 
[2026-03-17T15:40:24.7398307Z] [Debug] EventSource=OpenTelemetry-Instrumentation-AspNet-Telemetry, Message=Activity started, Id='00-bb0e5e1f5d6a80dcb3565c416d5f1ac9-46aee23d6cfcd06c-01' 
[2026-03-17T15:40:24.7398307Z] [Debug] EventSource=OpenTelemetry-Instrumentation-AspNet-Telemetry, Message=Callback='Application_EndRequest' 
[2026-03-17T15:40:24.7398307Z] [Debug] EventSource=OpenTelemetry-Sdk, Message=Activity stopped. Name = 'GET', Id = '00-bb0e5e1f5d6a80dcb3565c416d5f1ac9-46aee23d6cfcd06c-01'. 
[2026-03-17T15:40:24.7398307Z] [Debug] EventSource=OpenTelemetry-Instrumentation-AspNet-Telemetry, Message=Activity stopped, Id='00-bb0e5e1f5d6a80dcb3565c416d5f1ac9-46aee23d6cfcd06c-01' 
[2026-03-17T15:40:26.0426780Z] [Debug] EventSource=OpenTelemetry-Instrumentation-AspNet-Telemetry, Message=Callback='Application_BeginRequest' 
[2026-03-17T15:40:26.0426780Z] [Debug] EventSource=OpenTelemetry-Sdk, Message=Activity started. Name = 'GET', Id = '00-d833b0ee41ef1d03ca2d919e693912bc-23f2672c163f4253-01'. 
[2026-03-17T15:40:26.0426780Z] [Debug] EventSource=OpenTelemetry-Instrumentation-AspNet-Telemetry, Message=Activity started, Id='00-d833b0ee41ef1d03ca2d919e693912bc-23f2672c163f4253-01' 
[2026-03-17T15:40:26.0436748Z] [Debug] EventSource=OpenTelemetry-Instrumentation-AspNet-Telemetry, Message=Callback='Application_EndRequest' 
[2026-03-17T15:40:26.0436748Z] [Debug] EventSource=OpenTelemetry-Sdk, Message=Activity stopped. Name = 'GET', Id = '00-d833b0ee41ef1d03ca2d919e693912bc-23f2672c163f4253-01'. 
[2026-03-17T15:40:26.0436748Z] [Debug] EventSource=OpenTelemetry-Instrumentation-AspNet-Telemetry, Message=Activity stopped, Id='00-d833b0ee41ef1d03ca2d919e693912bc-23f2672c163f4253-01' 
[2026-03-17T15:40:28.5470641Z] [Warning] EventSource=OpenTelemetry-Api, Message=Failed to inject activity context in format: 'TraceContextPropagator', context: 'Invalid context'. 
[2026-03-17T15:40:28.5490613Z] [Information] EventSource=OpenTelemetry-Exporter-OpenTelemetryProtocol, Message=Export succeeded for http://localhost:4318/v1/traces. Message: Export completed successfully. 
[2026-03-17T15:40:29.7084002Z] [Debug] EventSource=OpenTelemetry-Instrumentation-AspNet-Telemetry, Message=Callback='Application_BeginRequest' 
[2026-03-17T15:40:29.7094009Z] [Debug] EventSource=OpenTelemetry-Sdk, Message=Activity started. Name = 'GET', Id = '00-f2a62f6884a88f16d0660cb7fddc8d10-f69c5a11a3e36cd0-01'. 
[2026-03-17T15:40:29.7094009Z] [Debug] EventSource=OpenTelemetry-Instrumentation-AspNet-Telemetry, Message=Activity started, Id='00-f2a62f6884a88f16d0660cb7fddc8d10-f69c5a11a3e36cd0-01' 
[2026-03-17T15:40:29.7094009Z] [Debug] EventSource=OpenTelemetry-Instrumentation-AspNet-Telemetry, Message=Callback='Application_EndRequest' 
[2026-03-17T15:40:29.7104021Z] [Debug] EventSource=OpenTelemetry-Sdk, Message=Activity stopped. Name = 'GET', Id = '00-f2a62f6884a88f16d0660cb7fddc8d10-f69c5a11a3e36cd0-01'. 
[2026-03-17T15:40:29.7104021Z] [Debug] EventSource=OpenTelemetry-Instrumentation-AspNet-Telemetry, Message=Activity stopped, Id='00-f2a62f6884a88f16d0660cb7fddc8d10-f69c5a11a3e36cd0-01' 
[2026-03-17T15:40:30.9566529Z] [Debug] EventSource=OpenTelemetry-Instrumentation-AspNet-Telemetry, Message=Callback='Application_BeginRequest' 
[2026-03-17T15:40:30.9566529Z] [Debug] EventSource=OpenTelemetry-Sdk, Message=Activity started. Name = 'GET', Id = '00-fd9fab8b49e5cb8ec45dde3149e8ce76-9a9caaee7a5dee89-01'. 
[2026-03-17T15:40:30.9566529Z] [Debug] EventSource=OpenTelemetry-Instrumentation-AspNet-Telemetry, Message=Activity started, Id='00-fd9fab8b49e5cb8ec45dde3149e8ce76-9a9caaee7a5dee89-01' 
[2026-03-17T15:40:30.9566529Z] [Debug] EventSource=OpenTelemetry-Instrumentation-AspNet-Telemetry, Message=Callback='Application_EndRequest' 
[2026-03-17T15:40:30.9566529Z] [Debug] EventSource=OpenTelemetry-Sdk, Message=Activity stopped. Name = 'GET', Id = '00-fd9fab8b49e5cb8ec45dde3149e8ce76-9a9caaee7a5dee89-01'. 
[2026-03-17T15:40:30.9566529Z] [Debug] EventSource=OpenTelemetry-Instrumentation-AspNet-Telemetry, Message=Activity stopped, Id='00-fd9fab8b49e5cb8ec45dde3149e8ce76-9a9caaee7a5dee89-01' 
[2026-03-17T15:40:33.5495178Z] [Warning] EventSource=OpenTelemetry-Api, Message=Failed to inject activity context in format: 'TraceContextPropagator', context: 'Invalid context'. 
[2026-03-17T15:40:33.5514138Z] [Information] EventSource=OpenTelemetry-Exporter-OpenTelemetryProtocol, Message=Export succeeded for http://localhost:4318/v1/traces. Message: Export completed successfully. 
[2026-03-17T15:40:34.6589840Z] [Debug] EventSource=OpenTelemetry-Instrumentation-AspNet-Telemetry, Message=Callback='Application_BeginRequest' 
[2026-03-17T15:40:34.6589840Z] [Debug] EventSource=OpenTelemetry-Sdk, Message=Activity started. Name = 'GET', Id = '00-68b9b32c7028c56f2a5598fc67b2537f-350659012d8f611a-01'. 
[2026-03-17T15:40:34.6589840Z] [Debug] EventSource=OpenTelemetry-Instrumentation-AspNet-Telemetry, Message=Activity started, Id='00-68b9b32c7028c56f2a5598fc67b2537f-350659012d8f611a-01' 
[2026-03-17T15:40:34.6599537Z] [Debug] EventSource=OpenTelemetry-Instrumentation-AspNet-Telemetry, Message=Callback='Application_EndRequest' 
[2026-03-17T15:40:34.6599537Z] [Debug] EventSource=OpenTelemetry-Sdk, Message=Activity stopped. Name = 'GET', Id = '00-68b9b32c7028c56f2a5598fc67b2537f-350659012d8f611a-01'. 
[2026-03-17T15:40:34.6599537Z] [Debug] EventSource=OpenTelemetry-Instrumentation-AspNet-Telemetry, Message=Activity stopped, Id='00-68b9b32c7028c56f2a5598fc67b2537f-350659012d8f611a-01' 
[2026-03-17T15:40:35.9980065Z] [Debug] EventSource=OpenTelemetry-Instrumentation-AspNet-Telemetry, Message=Callback='Application_BeginRequest' 
[2026-03-17T15:40:35.9980065Z] [Debug] EventSource=OpenTelemetry-Sdk, Message=Activity started. Name = 'GET', Id = '00-e2c6715f45848fb672bc4bfd42306746-7fc73516ee28b77e-01'. 
[2026-03-17T15:40:35.9980065Z] [Debug] EventSource=OpenTelemetry-Instrumentation-AspNet-Telemetry, Message=Activity started, Id='00-e2c6715f45848fb672bc4bfd42306746-7fc73516ee28b77e-01' 
[2026-03-17T15:40:35.9980065Z] [Debug] EventSource=OpenTelemetry-Instrumentation-AspNet-Telemetry, Message=Callback='Application_EndRequest' 
[2026-03-17T15:40:35.9980065Z] [Debug] EventSource=OpenTelemetry-Sdk, Message=Activity stopped. Name = 'GET', Id = '00-e2c6715f45848fb672bc4bfd42306746-7fc73516ee28b77e-01'. 
[2026-03-17T15:40:35.9980065Z] [Debug] EventSource=OpenTelemetry-Instrumentation-AspNet-Telemetry, Message=Activity stopped, Id='00-e2c6715f45848fb672bc4bfd42306746-7fc73516ee28b77e-01' 
[2026-03-17T15:40:38.5523421Z] [Warning] EventSource=OpenTelemetry-Api, Message=Failed to inject activity context in format: 'TraceContextPropagator', context: 'Invalid context'. 
[2026-03-17T15:40:38.5543980Z] [Information] EventSource=OpenTelemetry-Exporter-OpenTelemetryProtocol, Message=Export succeeded for http://localhost:4318/v1/traces. Message: Export completed successfully. 
[2026-03-17T15:40:39.6755029Z] [Debug] EventSource=OpenTelemetry-Instrumentation-AspNet-Telemetry, Message=Callback='Application_BeginRequest' 
[2026-03-17T15:40:39.6755029Z] [Debug] EventSource=OpenTelemetry-Sdk, Message=Activity started. Name = 'GET', Id = '00-7679877fcc90bd47ed1cb05fedb9fd85-7f7b342a710ccba5-01'. 
[2026-03-17T15:40:39.6755029Z] [Debug] EventSource=OpenTelemetry-Instrumentation-AspNet-Telemetry, Message=Activity started, Id='00-7679877fcc90bd47ed1cb05fedb9fd85-7f7b342a710ccba5-01' 
[2026-03-17T15:40:39.6755029Z] [Debug] EventSource=OpenTelemetry-Instrumentation-AspNet-Telemetry, Message=Callback='Application_EndRequest' 
[2026-03-17T15:40:39.6755029Z] [Debug] EventSource=OpenTelemetry-Sdk, Message=Activity stopped. Name = 'GET', Id = '00-7679877fcc90bd47ed1cb05fedb9fd85-7f7b342a710ccba5-01'. 
[2026-03-17T15:40:39.6755029Z] [Debug] EventSource=OpenTelemetry-Instrumentation-AspNet-Telemetry, Message=Activity stopped, Id='00-7679877fcc90bd47ed1cb05fedb9fd85-7f7b342a710ccba5-01' 
[2026-03-17T15:40:41.0107295Z] [Debug] EventSource=OpenTelemetry-Instrumentation-AspNet-Telemetry, Message=Callback='Application_BeginRequest' 
[2026-03-17T15:40:41.0107295Z] [Debug] EventSource=OpenTelemetry-Sdk, Message=Activity started. Name = 'GET', Id = '00-de6ae2921e324122cee9728b7ed4d7b3-a5d1a89d4d4ad2c4-01'. 
[2026-03-17T15:40:41.0107295Z] [Debug] EventSource=OpenTelemetry-Instrumentation-AspNet-Telemetry, Message=Activity started, Id='00-de6ae2921e324122cee9728b7ed4d7b3-a5d1a89d4d4ad2c4-01' 
[2026-03-17T15:40:41.0107295Z] [Debug] EventSource=OpenTelemetry-Instrumentation-AspNet-Telemetry, Message=Callback='Application_EndRequest' 
[2026-03-17T15:40:41.0107295Z] [Debug] EventSource=OpenTelemetry-Sdk, Message=Activity stopped. Name = 'GET', Id = '00-de6ae2921e324122cee9728b7ed4d7b3-a5d1a89d4d4ad2c4-01'. 
[2026-03-17T15:40:41.0107295Z] [Debug] EventSource=OpenTelemetry-Instrumentation-AspNet-Telemetry, Message=Activity stopped, Id='00-de6ae2921e324122cee9728b7ed4d7b3-a5d1a89d4d4ad2c4-01' 
[2026-03-17T15:40:43.5551747Z] [Warning] EventSource=OpenTelemetry-Api, Message=Failed to inject activity context in format: 'TraceContextPropagator', context: 'Invalid context'. 
[2026-03-17T15:40:43.5581797Z] [Information] EventSource=OpenTelemetry-Exporter-OpenTelemetryProtocol, Message=Export succeeded for http://localhost:4318/v1/traces. Message: Export completed successfully. 
[2026-03-17T15:40:44.7418255Z] [Debug] EventSource=OpenTelemetry-Instrumentation-AspNet-Telemetry, Message=Callback='Application_BeginRequest' 
[2026-03-17T15:40:44.7418255Z] [Debug] EventSource=OpenTelemetry-Sdk, Message=Activity started. Name = 'GET', Id = '00-21157d1ce9d7eb6e63c62956abcc2683-e74be52fe32e2e4d-01'. 
[2026-03-17T15:40:44.7418255Z] [Debug] EventSource=OpenTelemetry-Instrumentation-AspNet-Telemetry, Message=Activity started, Id='00-21157d1ce9d7eb6e63c62956abcc2683-e74be52fe32e2e4d-01' 
[2026-03-17T15:40:44.7428476Z] [Debug] EventSource=OpenTelemetry-Instrumentation-AspNet-Telemetry, Message=Callback='Application_EndRequest' 
[2026-03-17T15:40:44.7428476Z] [Debug] EventSource=OpenTelemetry-Sdk, Message=Activity stopped. Name = 'GET', Id = '00-21157d1ce9d7eb6e63c62956abcc2683-e74be52fe32e2e4d-01'. 
[2026-03-17T15:40:44.7428476Z] [Debug] EventSource=OpenTelemetry-Instrumentation-AspNet-Telemetry, Message=Activity stopped, Id='00-21157d1ce9d7eb6e63c62956abcc2683-e74be52fe32e2e4d-01' 
[2026-03-17T15:40:45.9557424Z] [Debug] EventSource=OpenTelemetry-Instrumentation-AspNet-Telemetry, Message=Callback='Application_BeginRequest' 
[2026-03-17T15:40:45.9557424Z] [Debug] EventSource=OpenTelemetry-Sdk, Message=Activity started. Name = 'GET', Id = '00-c9b27f94694de47c828edae1f4cf7a2a-017b22a2fc31f313-01'. 
[2026-03-17T15:40:45.9557424Z] [Debug] EventSource=OpenTelemetry-Instrumentation-AspNet-Telemetry, Message=Activity started, Id='00-c9b27f94694de47c828edae1f4cf7a2a-017b22a2fc31f313-01' 
[2026-03-17T15:40:45.9557424Z] [Debug] EventSource=OpenTelemetry-Instrumentation-AspNet-Telemetry, Message=Callback='Application_EndRequest' 
[2026-03-17T15:40:45.9557424Z] [Debug] EventSource=OpenTelemetry-Sdk, Message=Activity stopped. Name = 'GET', Id = '00-c9b27f94694de47c828edae1f4cf7a2a-017b22a2fc31f313-01'. 
[2026-03-17T15:40:45.9557424Z] [Debug] EventSource=OpenTelemetry-Instrumentation-AspNet-Telemetry, Message=Activity stopped, Id='00-c9b27f94694de47c828edae1f4cf7a2a-017b22a2fc31f313-01' 
[2026-03-17T15:40:48.5586721Z] [Warning] EventSource=OpenTelemetry-Api, Message=Failed to inject activity context in format: 'TraceContextPropagator', context: 'Invalid context'. 
[2026-03-17T15:40:48.5606709Z] [Information] EventSource=OpenTelemetry-Exporter-OpenTelemetryProtocol, Message=Export succeeded for http://localhost:4318/v1/traces. Message: Export completed successfully. 
[2026-03-17T15:40:49.6727826Z] [Debug] EventSource=OpenTelemetry-Instrumentation-AspNet-Telemetry, Message=Callback='Application_BeginRequest' 
[2026-03-17T15:40:49.6727826Z] [Debug] EventSource=OpenTelemetry-Sdk, Message=Activity started. Name = 'GET', Id = '00-3eebe9b2ca2797cc71aa1e1ed6dc5b1c-e15c8b5d0c0f4abd-01'. 
[2026-03-17T15:40:49.6727826Z] [Debug] EventSource=OpenTelemetry-Instrumentation-AspNet-Telemetry, Message=Activity started, Id='00-3eebe9b2ca2797cc71aa1e1ed6dc5b1c-e15c8b5d0c0f4abd-01' 
[2026-03-17T15:40:49.6727826Z] [Debug] EventSource=OpenTelemetry-Instrumentation-AspNet-Telemetry, Message=Callback='Application_EndRequest' 
[2026-03-17T15:40:49.6727826Z] [Debug] EventSource=OpenTelemetry-Sdk, Message=Activity stopped. Name = 'GET', Id = '00-3eebe9b2ca2797cc71aa1e1ed6dc5b1c-e15c8b5d0c0f4abd-01'. 
[2026-03-17T15:40:49.6727826Z] [Debug] EventSource=OpenTelemetry-Instrumentation-AspNet-Telemetry, Message=Activity stopped, Id='00-3eebe9b2ca2797cc71aa1e1ed6dc5b1c-e15c8b5d0c0f4abd-01' 
[2026-03-17T15:40:51.0246789Z] [Debug] EventSource=OpenTelemetry-Instrumentation-AspNet-Telemetry, Message=Callback='Application_BeginRequest' 
[2026-03-17T15:40:51.0246789Z] [Debug] EventSource=OpenTelemetry-Sdk, Message=Activity started. Name = 'GET', Id = '00-59a6b04ff7856f3756cbcf28f7e12409-21a539d5d891e5bd-01'. 
[2026-03-17T15:40:51.0246789Z] [Debug] EventSource=OpenTelemetry-Instrumentation-AspNet-Telemetry, Message=Activity started, Id='00-59a6b04ff7856f3756cbcf28f7e12409-21a539d5d891e5bd-01' 
[2026-03-17T15:40:51.0246789Z] [Debug] EventSource=OpenTelemetry-Instrumentation-AspNet-Telemetry, Message=Callback='Application_EndRequest' 
[2026-03-17T15:40:51.0246789Z] [Debug] EventSource=OpenTelemetry-Sdk, Message=Activity stopped. Name = 'GET', Id = '00-59a6b04ff7856f3756cbcf28f7e12409-21a539d5d891e5bd-01'. 
[2026-03-17T15:40:51.0246789Z] [Debug] EventSource=OpenTelemetry-Instrumentation-AspNet-Telemetry, Message=Activity stopped, Id='00-59a6b04ff7856f3756cbcf28f7e12409-21a539d5d891e5bd-01' 
[2026-03-17T15:40:53.5611478Z] [Warning] EventSource=OpenTelemetry-Api, Message=Failed to inject activity context in format: 'TraceContextPropagator', context: 'Invalid context'. 
[2026-03-17T15:40:53.5631427Z] [Information] EventSource=OpenTelemetry-Exporter-OpenTelemetryProtocol, Message=Export succeeded for http://localhost:4318/v1/traces. Message: Export completed successfully. 
[2026-03-17T15:40:54.6808778Z] [Debug] EventSource=OpenTelemetry-Instrumentation-AspNet-Telemetry, Message=Callback='Application_BeginRequest' 
[2026-03-17T15:40:54.6808778Z] [Debug] EventSource=OpenTelemetry-Sdk, Message=Activity started. Name = 'GET', Id = '00-96be170c2945dbd2e68e0fd941bfad1d-b08b07d60f7586ce-01'. 
[2026-03-17T15:40:54.6808778Z] [Debug] EventSource=OpenTelemetry-Instrumentation-AspNet-Telemetry, Message=Activity started, Id='00-96be170c2945dbd2e68e0fd941bfad1d-b08b07d60f7586ce-01' 
[2026-03-17T15:40:54.6808778Z] [Debug] EventSource=OpenTelemetry-Instrumentation-AspNet-Telemetry, Message=Callback='Application_EndRequest' 
[2026-03-17T15:40:54.6808778Z] [Debug] EventSource=OpenTelemetry-Sdk, Message=Activity stopped. Name = 'GET', Id = '00-96be170c2945dbd2e68e0fd941bfad1d-b08b07d60f7586ce-01'. 
[2026-03-17T15:40:54.6808778Z] [Debug] EventSource=OpenTelemetry-Instrumentation-AspNet-Telemetry, Message=Activity stopped, Id='00-96be170c2945dbd2e68e0fd941bfad1d-b08b07d60f7586ce-01' 
[2026-03-17T15:40:56.0450080Z] [Debug] EventSource=OpenTelemetry-Instrumentation-AspNet-Telemetry, Message=Callback='Application_BeginRequest' 
[2026-03-17T15:40:56.0450080Z] [Debug] EventSource=OpenTelemetry-Sdk, Message=Activity started. Name = 'GET', Id = '00-70f786784bdc3bb859d2e29521ceaf23-75df08a448d0d8a2-01'. 
[2026-03-17T15:40:56.0450080Z] [Debug] EventSource=OpenTelemetry-Instrumentation-AspNet-Telemetry, Message=Activity started, Id='00-70f786784bdc3bb859d2e29521ceaf23-75df08a448d0d8a2-01' 
[2026-03-17T15:40:56.0459973Z] [Debug] EventSource=OpenTelemetry-Instrumentation-AspNet-Telemetry, Message=Callback='Application_EndRequest' 
[2026-03-17T15:40:56.0459973Z] [Debug] EventSource=OpenTelemetry-Sdk, Message=Activity stopped. Name = 'GET', Id = '00-70f786784bdc3bb859d2e29521ceaf23-75df08a448d0d8a2-01'. 
[2026-03-17T15:40:56.0459973Z] [Debug] EventSource=OpenTelemetry-Instrumentation-AspNet-Telemetry, Message=Activity stopped, Id='00-70f786784bdc3bb859d2e29521ceaf23-75df08a448d0d8a2-01' 
[2026-03-17T15:40:58.5797915Z] [Warning] EventSource=OpenTelemetry-Api, Message=Failed to inject activity context in format: 'TraceContextPropagator', context: 'Invalid context'. 
[2026-03-17T15:40:58.5825036Z] [Information] EventSource=OpenTelemetry-Exporter-OpenTelemetryProtocol, Message=Export succeeded for http://localhost:4318/v1/traces. Message: Export completed successfully. 
[2026-03-17T15:40:59.6981006Z] [Debug] EventSource=OpenTelemetry-Instrumentation-AspNet-Telemetry, Message=Callback='Application_BeginRequest' 
[2026-03-17T15:40:59.6981006Z] [Debug] EventSource=OpenTelemetry-Sdk, Message=Activity started. Name = 'GET', Id = '00-7bca779969cee6795f7619bf8d208faf-8125558ef90c44cf-01'. 
[2026-03-17T15:40:59.6981006Z] [Debug] EventSource=OpenTelemetry-Instrumentation-AspNet-Telemetry, Message=Activity started, Id='00-7bca779969cee6795f7619bf8d208faf-8125558ef90c44cf-01' 
[2026-03-17T15:40:59.6981006Z] [Debug] EventSource=OpenTelemetry-Instrumentation-AspNet-Telemetry, Message=Callback='Application_EndRequest' 
[2026-03-17T15:40:59.6981006Z] [Debug] EventSource=OpenTelemetry-Sdk, Message=Activity stopped. Name = 'GET', Id = '00-7bca779969cee6795f7619bf8d208faf-8125558ef90c44cf-01'. 
[2026-03-17T15:40:59.6981006Z] [Debug] EventSource=OpenTelemetry-Instrumentation-AspNet-Telemetry, Message=Activity stopped, Id='00-7bca779969cee6795f7619bf8d208faf-8125558ef90c44cf-01' 
[2026-03-17T15:41:00.9731234Z] [Debug] EventSource=OpenTelemetry-Instrumentation-AspNet-Telemetry, Message=Callback='Application_BeginRequest' 
[2026-03-17T15:41:00.9731234Z] [Debug] EventSource=OpenTelemetry-Sdk, Message=Activity started. Name = 'GET', Id = '00-a343308e42fa18c7bb60c0b29ea66b5f-11fba77a20f64f59-01'. 
[2026-03-17T15:41:00.9731234Z] [Debug] EventSource=OpenTelemetry-Instrumentation-AspNet-Telemetry, Message=Activity started, Id='00-a343308e42fa18c7bb60c0b29ea66b5f-11fba77a20f64f59-01' 
[2026-03-17T15:41:00.9731234Z] [Debug] EventSource=OpenTelemetry-Instrumentation-AspNet-Telemetry, Message=Callback='Application_EndRequest' 
[2026-03-17T15:41:00.9731234Z] [Debug] EventSource=OpenTelemetry-Sdk, Message=Activity stopped. Name = 'GET', Id = '00-a343308e42fa18c7bb60c0b29ea66b5f-11fba77a20f64f59-01'. 
[2026-03-17T15:41:00.9731234Z] [Debug] EventSource=OpenTelemetry-Instrumentation-AspNet-Telemetry, Message=Activity stopped, Id='00-a343308e42fa18c7bb60c0b29ea66b5f-11fba77a20f64f59-01' 
[2026-03-17T15:41:02.7329261Z] [Debug] EventSource=OpenTelemetry-Sdk, Message=MetricReader event: 'PeriodicExportingMetricReader calling MetricReader.Collect because the export interval has elapsed.' 
[2026-03-17T15:41:02.7329261Z] [Debug] EventSource=OpenTelemetry-Sdk, Message=MetricReader event: 'MetricReader.Collect method called.' 
[2026-03-17T15:41:02.7329261Z] [Debug] EventSource=OpenTelemetry-Sdk, Message=MetricReader event: 'MetricReader.OnCollect called.' 
[2026-03-17T15:41:02.7329261Z] [Debug] EventSource=OpenTelemetry-Sdk, Message=MetricReader event: 'Observable instruments collected.' 
[2026-03-17T15:41:02.7329261Z] [Debug] EventSource=OpenTelemetry-Sdk, Message=MetricReader event: 'ProcessMetrics called.' 
[2026-03-17T15:41:02.7329261Z] [Debug] EventSource=OpenTelemetry-Sdk, Message=MetricReader event: 'BaseExportingMetricReader calling OpenTelemetry.Exporter.OtlpMetricExporter.Export method.' 
[2026-03-17T15:41:02.7329261Z] [Warning] EventSource=OpenTelemetry-Api, Message=Failed to inject activity context in format: 'TraceContextPropagator', context: 'Invalid context'. 
[2026-03-17T15:41:02.7484348Z] [Error] EventSource=OpenTelemetry-Exporter-OpenTelemetryProtocol, Message=HTTP request to http://localhost:4318/v1/metrics failed. Response: . Exception: System.Net.Http.HttpRequestException: Response status code does not indicate success: 404 (Not Found).
   at System.Net.Http.HttpResponseMessage.EnsureSuccessStatusCode()
   at OpenTelemetry.Exporter.OpenTelemetryProtocol.Implementation.ExportClient.OtlpHttpExportClient.SendExportRequest(Byte[] buffer, Int32 contentLength, DateTime deadlineUtc, CancellationToken cancellationToken) 
[2026-03-17T15:41:02.7484348Z] [Debug] EventSource=OpenTelemetry-Sdk, Message=MetricReader event: 'OpenTelemetry.Exporter.OtlpMetricExporter.Export failed.' 
[2026-03-17T15:41:02.7494391Z] [Debug] EventSource=OpenTelemetry-Sdk, Message=MetricReader event: 'ProcessMetrics failed.' 
[2026-03-17T15:41:02.7494391Z] [Debug] EventSource=OpenTelemetry-Sdk, Message=MetricReader event: 'MetricReader.Collect failed.' 
[2026-03-17T15:41:03.5946618Z] [Warning] EventSource=OpenTelemetry-Api, Message=Failed to inject activity context in format: 'TraceContextPropagator', context: 'Invalid context'. 
[2026-03-17T15:41:03.5971041Z] [Information] EventSource=OpenTelemetry-Exporter-OpenTelemetryProtocol, Message=Export succeeded for http://localhost:4318/v1/traces. Message: Export completed successfully. 
[2026-03-17T15:41:04.6577395Z] [Debug] EventSource=OpenTelemetry-Instrumentation-AspNet-Telemetry, Message=Callback='Application_BeginRequest' 
[2026-03-17T15:41:04.6577395Z] [Debug] EventSource=OpenTelemetry-Sdk, Message=Activity started. Name = 'GET', Id = '00-0f884753f6345e4894c293a60f29f18b-cddce1476934d6f3-01'. 
[2026-03-17T15:41:04.6577395Z] [Debug] EventSource=OpenTelemetry-Instrumentation-AspNet-Telemetry, Message=Activity started, Id='00-0f884753f6345e4894c293a60f29f18b-cddce1476934d6f3-01' 
[2026-03-17T15:41:04.6577395Z] [Debug] EventSource=OpenTelemetry-Instrumentation-AspNet-Telemetry, Message=Callback='Application_EndRequest' 
[2026-03-17T15:41:04.6577395Z] [Debug] EventSource=OpenTelemetry-Sdk, Message=Activity stopped. Name = 'GET', Id = '00-0f884753f6345e4894c293a60f29f18b-cddce1476934d6f3-01'. 
[2026-03-17T15:41:04.6577395Z] [Debug] EventSource=OpenTelemetry-Instrumentation-AspNet-Telemetry, Message=Activity stopped, Id='00-0f884753f6345e4894c293a60f29f18b-cddce1476934d6f3-01' 
[2026-03-17T15:41:05.9635233Z] [Debug] EventSource=OpenTelemetry-Instrumentation-AspNet-Telemetry, Message=Callback='Application_BeginRequest' 
[2026-03-17T15:41:05.9635233Z] [Debug] EventSource=OpenTelemetry-Sdk, Message=Activity started. Name = 'GET', Id = '00-ad46f0de6617a670334b13aea7ee9974-c4cc106bb85b30f6-01'. 
[2026-03-17T15:41:05.9635233Z] [Debug] EventSource=OpenTelemetry-Instrumentation-AspNet-Telemetry, Message=Activity started, Id='00-ad46f0de6617a670334b13aea7ee9974-c4cc106bb85b30f6-01' 
[2026-03-17T15:41:05.9635233Z] [Debug] EventSource=OpenTelemetry-Instrumentation-AspNet-Telemetry, Message=Callback='Application_EndRequest' 
[2026-03-17T15:41:05.9635233Z] [Debug] EventSource=OpenTelemetry-Sdk, Message=Activity stopped. Name = 'GET', Id = '00-ad46f0de6617a670334b13aea7ee9974-c4cc106bb85b30f6-01'. 
[2026-03-17T15:41:05.9635233Z] [Debug] EventSource=OpenTelemetry-Instrumentation-AspNet-Telemetry, Message=Activity stopped, Id='00-ad46f0de6617a670334b13aea7ee9974-c4cc106bb85b30f6-01' 
[2026-03-17T15:41:06.3144909Z] [Debug] EventSource=OpenTelemetry-Sdk, Message=Activity started. Name = 'AVAFX_General', Id = '00-8baac5525c29f183f0fe90209333ca55-25a5c2f9795a5f80-01'. 
[2026-03-17T15:41:06.3144909Z] [Debug] EventSource=OpenTelemetry-Sdk, Message=Activity stopped. Name = 'AVAFX_General', Id = '00-8baac5525c29f183f0fe90209333ca55-25a5c2f9795a5f80-01'. 
[2026-03-17T15:41:08.6013112Z] [Warning] EventSource=OpenTelemetry-Api, Message=Failed to inject activity context in format: 'TraceContextPropagator', context: 'Invalid context'. 
[2026-03-17T15:41:08.6040563Z] [Information] EventSource=OpenTelemetry-Exporter-OpenTelemetryProtocol, Message=Export succeeded for http://localhost:4318/v1/traces. Message: Export completed successfully. 
[2026-03-17T15:41:09.6935677Z] [Debug] EventSource=OpenTelemetry-Instrumentation-AspNet-Telemetry, Message=Callback='Application_BeginRequest' 
[2026-03-17T15:41:09.6935677Z] [Debug] EventSource=OpenTelemetry-Sdk, Message=Activity started. Name = 'GET', Id = '00-7341620ef29b2af13a379dc755dfa521-a31f7b7c57078045-01'. 
[2026-03-17T15:41:09.6935677Z] [Debug] EventSource=OpenTelemetry-Instrumentation-AspNet-Telemetry, Message=Activity started, Id='00-7341620ef29b2af13a379dc755dfa521-a31f7b7c57078045-01' 
[2026-03-17T15:41:09.6935677Z] [Debug] EventSource=OpenTelemetry-Instrumentation-AspNet-Telemetry, Message=Callback='Application_EndRequest' 
[2026-03-17T15:41:09.6935677Z] [Debug] EventSource=OpenTelemetry-Sdk, Message=Activity stopped. Name = 'GET', Id = '00-7341620ef29b2af13a379dc755dfa521-a31f7b7c57078045-01'. 
[2026-03-17T15:41:09.6935677Z] [Debug] EventSource=OpenTelemetry-Instrumentation-AspNet-Telemetry, Message=Activity stopped, Id='00-7341620ef29b2af13a379dc755dfa521-a31f7b7c57078045-01' 
[2026-03-17T15:41:10.9682964Z] [Debug] EventSource=OpenTelemetry-Instrumentation-AspNet-Telemetry, Message=Callback='Application_BeginRequest' 
[2026-03-17T15:41:10.9682964Z] [Debug] EventSource=OpenTelemetry-Sdk, Message=Activity started. Name = 'GET', Id = '00-3fbfcb449f132dbbd6571dc37921789a-88500f03b57f9add-01'. 
[2026-03-17T15:41:10.9682964Z] [Debug] EventSource=OpenTelemetry-Instrumentation-AspNet-Telemetry, Message=Activity started, Id='00-3fbfcb449f132dbbd6571dc37921789a-88500f03b57f9add-01' 
[2026-03-17T15:41:10.9682964Z] [Debug] EventSource=OpenTelemetry-Instrumentation-AspNet-Telemetry, Message=Callback='Application_EndRequest' 
[2026-03-17T15:41:10.9682964Z] [Debug] EventSource=OpenTelemetry-Sdk, Message=Activity stopped. Name = 'GET', Id = '00-3fbfcb449f132dbbd6571dc37921789a-88500f03b57f9add-01'. 
[2026-03-17T15:41:10.9682964Z] [Debug] EventSource=OpenTelemetry-Instrumentation-AspNet-Telemetry, Message=Activity stopped, Id='00-3fbfcb449f132dbbd6571dc37921789a-88500f03b57f9add-01' 
[2026-03-17T15:41:13.6108459Z] [Warning] EventSource=OpenTelemetry-Api, Message=Failed to inject activity context in format: 'TraceContextPropagator', context: 'Invalid context'. 
[2026-03-17T15:41:13.6130807Z] [Information] EventSource=OpenTelemetry-Exporter-OpenTelemetryProtocol, Message=Export succeeded for http://localhost:4318/v1/traces. Message: Export completed successfully. 
[2026-03-17T15:41:14.6851172Z] [Debug] EventSource=OpenTelemetry-Instrumentation-AspNet-Telemetry, Message=Callback='Application_BeginRequest' 
[2026-03-17T15:41:14.6851172Z] [Debug] EventSource=OpenTelemetry-Sdk, Message=Activity started. Name = 'GET', Id = '00-714da8d3bc32a9212270989102aed53d-ee3a00490a4e8b77-01'. 
[2026-03-17T15:41:14.6851172Z] [Debug] EventSource=OpenTelemetry-Instrumentation-AspNet-Telemetry, Message=Activity started, Id='00-714da8d3bc32a9212270989102aed53d-ee3a00490a4e8b77-01' 
[2026-03-17T15:41:14.6851172Z] [Debug] EventSource=OpenTelemetry-Instrumentation-AspNet-Telemetry, Message=Callback='Application_EndRequest' 
[2026-03-17T15:41:14.6851172Z] [Debug] EventSource=OpenTelemetry-Sdk, Message=Activity stopped. Name = 'GET', Id = '00-714da8d3bc32a9212270989102aed53d-ee3a00490a4e8b77-01'. 
[2026-03-17T15:41:14.6851172Z] [Debug] EventSource=OpenTelemetry-Instrumentation-AspNet-Telemetry, Message=Activity stopped, Id='00-714da8d3bc32a9212270989102aed53d-ee3a00490a4e8b77-01' 
[2026-03-17T15:41:15.9905080Z] [Debug] EventSource=OpenTelemetry-Instrumentation-AspNet-Telemetry, Message=Callback='Application_BeginRequest' 
[2026-03-17T15:41:15.9905080Z] [Debug] EventSource=OpenTelemetry-Sdk, Message=Activity started. Name = 'GET', Id = '00-6451ef483d267bf5eb58c7686151bbba-8d8ba0174ec557de-01'. 
[2026-03-17T15:41:15.9905080Z] [Debug] EventSource=OpenTelemetry-Instrumentation-AspNet-Telemetry, Message=Activity started, Id='00-6451ef483d267bf5eb58c7686151bbba-8d8ba0174ec557de-01' 
[2026-03-17T15:41:15.9905080Z] [Debug] EventSource=OpenTelemetry-Instrumentation-AspNet-Telemetry, Message=Callback='Application_EndRequest' 
[2026-03-17T15:41:15.9905080Z] [Debug] EventSource=OpenTelemetry-Sdk, Message=Activity stopped. Name = 'GET', Id = '00-6451ef483d267bf5eb58c7686151bbba-8d8ba0174ec557de-01'. 
[2026-03-17T15:41:15.9905080Z] [Debug] EventSource=OpenTelemetry-Instrumentation-AspNet-Telemetry, Message=Activity stopped, Id='00-6451ef483d267bf5eb58c7686151bbba-8d8ba0174ec557de-01' 
[2026-03-17T15:41:18.6207993Z] [Warning] EventSource=OpenTelemetry-Api, Message=Failed to inject activity context in format: 'TraceContextPropagator', context: 'Invalid context'. 
[2026-03-17T15:41:18.6231873Z] [Information] EventSource=OpenTelemetry-Exporter-OpenTelemetryProtocol, Message=Export succeeded for http://localhost:4318/v1/traces. Message: Export completed successfully. 
[2026-03-17T15:41:19.6600403Z] [Debug] EventSource=OpenTelemetry-Instrumentation-AspNet-Telemetry, Message=Callback='Application_BeginRequest' 
[2026-03-17T15:41:19.6600403Z] [Debug] EventSource=OpenTelemetry-Sdk, Message=Activity started. Name = 'GET', Id = '00-b7ab417677da07e70d36f98f3c6e513a-c05acf8217d421a8-01'. 
[2026-03-17T15:41:19.6600403Z] [Debug] EventSource=OpenTelemetry-Instrumentation-AspNet-Telemetry, Message=Activity started, Id='00-b7ab417677da07e70d36f98f3c6e513a-c05acf8217d421a8-01' 
[2026-03-17T15:41:19.6600403Z] [Debug] EventSource=OpenTelemetry-Instrumentation-AspNet-Telemetry, Message=Callback='Application_EndRequest' 
[2026-03-17T15:41:19.6600403Z] [Debug] EventSource=OpenTelemetry-Sdk, Message=Activity stopped. Name = 'GET', Id = '00-b7ab417677da07e70d36f98f3c6e513a-c05acf8217d421a8-01'. 
[2026-03-17T15:41:19.6600403Z] [Debug] EventSource=OpenTelemetry-Instrumentation-AspNet-Telemetry, Message=Activity stopped, Id='00-b7ab417677da07e70d36f98f3c6e513a-c05acf8217d421a8-01' 
[2026-03-17T15:41:21.0221339Z] [Debug] EventSource=OpenTelemetry-Instrumentation-AspNet-Telemetry, Message=Callback='Application_BeginRequest' 
[2026-03-17T15:41:21.0221339Z] [Debug] EventSource=OpenTelemetry-Sdk, Message=Activity started. Name = 'GET', Id = '00-f0722f200fdb8834276ae044d830c87b-9094a6c6da5e3c40-01'. 
[2026-03-17T15:41:21.0221339Z] [Debug] EventSource=OpenTelemetry-Instrumentation-AspNet-Telemetry, Message=Activity started, Id='00-f0722f200fdb8834276ae044d830c87b-9094a6c6da5e3c40-01' 
[2026-03-17T15:41:21.0221339Z] [Debug] EventSource=OpenTelemetry-Instrumentation-AspNet-Telemetry, Message=Callback='Application_EndRequest' 
[2026-03-17T15:41:21.0221339Z] [Debug] EventSource=OpenTelemetry-Sdk, Message=Activity stopped. Name = 'GET', Id = '00-f0722f200fdb8834276ae044d830c87b-9094a6c6da5e3c40-01'. 
[2026-03-17T15:41:21.0221339Z] [Debug] EventSource=OpenTelemetry-Instrumentation-AspNet-Telemetry, Message=Activity stopped, Id='00-f0722f200fdb8834276ae044d830c87b-9094a6c6da5e3c40-01' 
[2026-03-17T15:41:23.6235102Z] [Warning] EventSource=OpenTelemetry-Api, Message=Failed to inject activity context in format: 'TraceContextPropagator', context: 'Invalid context'. 
[2026-03-17T15:41:23.6259147Z] [Information] EventSource=OpenTelemetry-Exporter-OpenTelemetryProtocol, Message=Export succeeded for http://localhost:4318/v1/traces. Message: Export completed successfully. 
[2026-03-17T15:41:24.6782634Z] [Debug] EventSource=OpenTelemetry-Instrumentation-AspNet-Telemetry, Message=Callback='Application_BeginRequest' 
[2026-03-17T15:41:24.6782634Z] [Debug] EventSource=OpenTelemetry-Sdk, Message=Activity started. Name = 'GET', Id = '00-57a1aadb46a6daa326b415af43e20e00-e3b198cc910e6d6c-01'. 
[2026-03-17T15:41:24.6782634Z] [Debug] EventSource=OpenTelemetry-Instrumentation-AspNet-Telemetry, Message=Activity started, Id='00-57a1aadb46a6daa326b415af43e20e00-e3b198cc910e6d6c-01' 
[2026-03-17T15:41:24.6782634Z] [Debug] EventSource=OpenTelemetry-Instrumentation-AspNet-Telemetry, Message=Callback='Application_EndRequest' 
[2026-03-17T15:41:24.6782634Z] [Debug] EventSource=OpenTelemetry-Sdk, Message=Activity stopped. Name = 'GET', Id = '00-57a1aadb46a6daa326b415af43e20e00-e3b198cc910e6d6c-01'. 
[2026-03-17T15:41:24.6782634Z] [Debug] EventSource=OpenTelemetry-Instrumentation-AspNet-Telemetry, Message=Activity stopped, Id='00-57a1aadb46a6daa326b415af43e20e00-e3b198cc910e6d6c-01' 
[2026-03-17T15:41:26.0454357Z] [Debug] EventSource=OpenTelemetry-Instrumentation-AspNet-Telemetry, Message=Callback='Application_BeginRequest' 
[2026-03-17T15:41:26.0454357Z] [Debug] EventSource=OpenTelemetry-Sdk, Message=Activity started. Name = 'GET', Id = '00-cc45d9ca63faf0d02b98187b91c22c74-6cc4a648f9ee7ef4-01'. 
[2026-03-17T15:41:26.0454357Z] [Debug] EventSource=OpenTelemetry-Instrumentation-AspNet-Telemetry, Message=Activity started, Id='00-cc45d9ca63faf0d02b98187b91c22c74-6cc4a648f9ee7ef4-01' 
[2026-03-17T15:41:26.0464365Z] [Debug] EventSource=OpenTelemetry-Instrumentation-AspNet-Telemetry, Message=Callback='Application_EndRequest' 
[2026-03-17T15:41:26.0464365Z] [Debug] EventSource=OpenTelemetry-Sdk, Message=Activity stopped. Name = 'GET', Id = '00-cc45d9ca63faf0d02b98187b91c22c74-6cc4a648f9ee7ef4-01'. 
[2026-03-17T15:41:26.0464365Z] [Debug] EventSource=OpenTelemetry-Instrumentation-AspNet-Telemetry, Message=Activity stopped, Id='00-cc45d9ca63faf0d02b98187b91c22c74-6cc4a648f9ee7ef4-01' 
[2026-03-17T15:41:28.6349626Z] [Warning] EventSource=OpenTelemetry-Api, Message=Failed to inject activity context in format: 'TraceContextPropagator', context: 'Invalid context'. 
[2026-03-17T15:41:28.6369449Z] [Information] EventSource=OpenTelemetry-Exporter-OpenTelemetryProtocol, Message=Export succeeded for http://localhost:4318/v1/traces. Message: Export completed successfully. 
[2026-03-17T15:41:29.6963893Z] [Debug] EventSource=OpenTelemetry-Instrumentation-AspNet-Telemetry, Message=Callback='Application_BeginRequest' 
[2026-03-17T15:41:29.6963893Z] [Debug] EventSource=OpenTelemetry-Sdk, Message=Activity started. Name = 'GET', Id = '00-70936232ef888e6fa97563d3d2d9e6fd-052ba408f1774100-01'. 
[2026-03-17T15:41:29.6963893Z] [Debug] EventSource=OpenTelemetry-Instrumentation-AspNet-Telemetry, Message=Activity started, Id='00-70936232ef888e6fa97563d3d2d9e6fd-052ba408f1774100-01' 
[2026-03-17T15:41:29.6963893Z] [Debug] EventSource=OpenTelemetry-Instrumentation-AspNet-Telemetry, Message=Callback='Application_EndRequest' 
[2026-03-17T15:41:29.6963893Z] [Debug] EventSource=OpenTelemetry-Sdk, Message=Activity stopped. Name = 'GET', Id = '00-70936232ef888e6fa97563d3d2d9e6fd-052ba408f1774100-01'. 
[2026-03-17T15:41:29.6963893Z] [Debug] EventSource=OpenTelemetry-Instrumentation-AspNet-Telemetry, Message=Activity stopped, Id='00-70936232ef888e6fa97563d3d2d9e6fd-052ba408f1774100-01' 
[2026-03-17T15:41:31.0351522Z] [Debug] EventSource=OpenTelemetry-Instrumentation-AspNet-Telemetry, Message=Callback='Application_BeginRequest' 
[2026-03-17T15:41:31.0361207Z] [Debug] EventSource=OpenTelemetry-Sdk, Message=Activity started. Name = 'GET', Id = '00-c0233e1b401f77787a4d05849799d832-a47ed73ff478e1ac-01'. 
[2026-03-17T15:41:31.0361207Z] [Debug] EventSource=OpenTelemetry-Instrumentation-AspNet-Telemetry, Message=Activity started, Id='00-c0233e1b401f77787a4d05849799d832-a47ed73ff478e1ac-01' 
[2026-03-17T15:41:31.0361207Z] [Debug] EventSource=OpenTelemetry-Instrumentation-AspNet-Telemetry, Message=Callback='Application_EndRequest' 
[2026-03-17T15:41:31.0361207Z] [Debug] EventSource=OpenTelemetry-Sdk, Message=Activity stopped. Name = 'GET', Id = '00-c0233e1b401f77787a4d05849799d832-a47ed73ff478e1ac-01'. 
[2026-03-17T15:41:31.0361207Z] [Debug] EventSource=OpenTelemetry-Instrumentation-AspNet-Telemetry, Message=Activity stopped, Id='00-c0233e1b401f77787a4d05849799d832-a47ed73ff478e1ac-01' 
[2026-03-17T15:41:33.6379134Z] [Warning] EventSource=OpenTelemetry-Api, Message=Failed to inject activity context in format: 'TraceContextPropagator', context: 'Invalid context'. 
[2026-03-17T15:41:33.6399330Z] [Information] EventSource=OpenTelemetry-Exporter-OpenTelemetryProtocol, Message=Export succeeded for http://localhost:4318/v1/traces. Message: Export completed successfully. 
[2026-03-17T15:41:34.7138877Z] [Debug] EventSource=OpenTelemetry-Instrumentation-AspNet-Telemetry, Message=Callback='Application_BeginRequest' 
[2026-03-17T15:41:34.7138877Z] [Debug] EventSource=OpenTelemetry-Sdk, Message=Activity started. Name = 'GET', Id = '00-61024733274201989393abf76428e8da-843c15a775f9cec7-01'. 
[2026-03-17T15:41:34.7148967Z] [Debug] EventSource=OpenTelemetry-Instrumentation-AspNet-Telemetry, Message=Activity started, Id='00-61024733274201989393abf76428e8da-843c15a775f9cec7-01' 
[2026-03-17T15:41:34.7159034Z] [Debug] EventSource=OpenTelemetry-Instrumentation-AspNet-Telemetry, Message=Callback='Application_EndRequest' 
[2026-03-17T15:41:34.7159034Z] [Debug] EventSource=OpenTelemetry-Sdk, Message=Activity stopped. Name = 'GET', Id = '00-61024733274201989393abf76428e8da-843c15a775f9cec7-01'. 
[2026-03-17T15:41:34.7159034Z] [Debug] EventSource=OpenTelemetry-Instrumentation-AspNet-Telemetry, Message=Activity stopped, Id='00-61024733274201989393abf76428e8da-843c15a775f9cec7-01' 
[2026-03-17T15:41:35.9898574Z] [Debug] EventSource=OpenTelemetry-Instrumentation-AspNet-Telemetry, Message=Callback='Application_BeginRequest' 
[2026-03-17T15:41:35.9898574Z] [Debug] EventSource=OpenTelemetry-Sdk, Message=Activity started. Name = 'GET', Id = '00-f13b26c87731e092742c865ae4581732-971ba32467fabef9-01'. 
[2026-03-17T15:41:35.9898574Z] [Debug] EventSource=OpenTelemetry-Instrumentation-AspNet-Telemetry, Message=Activity started, Id='00-f13b26c87731e092742c865ae4581732-971ba32467fabef9-01' 
[2026-03-17T15:41:35.9898574Z] [Debug] EventSource=OpenTelemetry-Instrumentation-AspNet-Telemetry, Message=Callback='Application_EndRequest' 
[2026-03-17T15:41:35.9898574Z] [Debug] EventSource=OpenTelemetry-Sdk, Message=Activity stopped. Name = 'GET', Id = '00-f13b26c87731e092742c865ae4581732-971ba32467fabef9-01'. 
[2026-03-17T15:41:35.9898574Z] [Debug] EventSource=OpenTelemetry-Instrumentation-AspNet-Telemetry, Message=Activity stopped, Id='00-f13b26c87731e092742c865ae4581732-971ba32467fabef9-01' 
[2026-03-17T15:41:38.6406806Z] [Warning] EventSource=OpenTelemetry-Api, Message=Failed to inject activity context in format: 'TraceContextPropagator', context: 'Invalid context'. 
[2026-03-17T15:41:38.6426715Z] [Information] EventSource=OpenTelemetry-Exporter-OpenTelemetryProtocol, Message=Export succeeded for http://localhost:4318/v1/traces. Message: Export completed successfully. 
[2026-03-17T15:41:39.6593763Z] [Debug] EventSource=OpenTelemetry-Instrumentation-AspNet-Telemetry, Message=Callback='Application_BeginRequest' 
[2026-03-17T15:41:39.6603345Z] [Debug] EventSource=OpenTelemetry-Sdk, Message=Activity started. Name = 'GET', Id = '00-1daecf19a52ff98514c5004a45ec3050-aadf6cfdceddfebb-01'. 
[2026-03-17T15:41:39.6603345Z] [Debug] EventSource=OpenTelemetry-Instrumentation-AspNet-Telemetry, Message=Activity started, Id='00-1daecf19a52ff98514c5004a45ec3050-aadf6cfdceddfebb-01' 
[2026-03-17T15:41:39.6603345Z] [Debug] EventSource=OpenTelemetry-Instrumentation-AspNet-Telemetry, Message=Callback='Application_EndRequest' 
[2026-03-17T15:41:39.6603345Z] [Debug] EventSource=OpenTelemetry-Sdk, Message=Activity stopped. Name = 'GET', Id = '00-1daecf19a52ff98514c5004a45ec3050-aadf6cfdceddfebb-01'. 
[2026-03-17T15:41:39.6603345Z] [Debug] EventSource=OpenTelemetry-Instrumentation-AspNet-Telemetry, Message=Activity stopped, Id='00-1daecf19a52ff98514c5004a45ec3050-aadf6cfdceddfebb-01' 
[2026-03-17T15:41:40.9892036Z] [Debug] EventSource=OpenTelemetry-Instrumentation-AspNet-Telemetry, Message=Callback='Application_BeginRequest' 
[2026-03-17T15:41:40.9892036Z] [Debug] EventSource=OpenTelemetry-Sdk, Message=Activity started. Name = 'GET', Id = '00-3783ab79d3b21ff9a73f29f05329e822-d6db539979ac63ee-01'. 
[2026-03-17T15:41:40.9892036Z] [Debug] EventSource=OpenTelemetry-Instrumentation-AspNet-Telemetry, Message=Activity started, Id='00-3783ab79d3b21ff9a73f29f05329e822-d6db539979ac63ee-01' 
[2026-03-17T15:41:40.9892036Z] [Debug] EventSource=OpenTelemetry-Instrumentation-AspNet-Telemetry, Message=Callback='Application_EndRequest' 
[2026-03-17T15:41:40.9892036Z] [Debug] EventSource=OpenTelemetry-Sdk, Message=Activity stopped. Name = 'GET', Id = '00-3783ab79d3b21ff9a73f29f05329e822-d6db539979ac63ee-01'. 
[2026-03-17T15:41:40.9892036Z] [Debug] EventSource=OpenTelemetry-Instrumentation-AspNet-Telemetry, Message=Activity stopped, Id='00-3783ab79d3b21ff9a73f29f05329e822-d6db539979ac63ee-01' 
[2026-03-17T15:41:43.6434919Z] [Warning] EventSource=OpenTelemetry-Api, Message=Failed to inject activity context in format: 'TraceContextPropagator', context: 'Invalid context'. 
[2026-03-17T15:41:43.6454923Z] [Information] EventSource=OpenTelemetry-Exporter-OpenTelemetryProtocol, Message=Export succeeded for http://localhost:4318/v1/traces. Message: Export completed successfully. 
[2026-03-17T15:41:44.6700323Z] [Debug] EventSource=OpenTelemetry-Instrumentation-AspNet-Telemetry, Message=Callback='Application_BeginRequest' 
[2026-03-17T15:41:44.6700323Z] [Debug] EventSource=OpenTelemetry-Sdk, Message=Activity started. Name = 'GET', Id = '00-0de39a43ede916519a9b46b38a33b5d7-653f0009f41ec336-01'. 
[2026-03-17T15:41:44.6700323Z] [Debug] EventSource=OpenTelemetry-Instrumentation-AspNet-Telemetry, Message=Activity started, Id='00-0de39a43ede916519a9b46b38a33b5d7-653f0009f41ec336-01' 
[2026-03-17T15:41:44.6700323Z] [Debug] EventSource=OpenTelemetry-Instrumentation-AspNet-Telemetry, Message=Callback='Application_EndRequest' 
[2026-03-17T15:41:44.6700323Z] [Debug] EventSource=OpenTelemetry-Sdk, Message=Activity stopped. Name = 'GET', Id = '00-0de39a43ede916519a9b46b38a33b5d7-653f0009f41ec336-01'. 
[2026-03-17T15:41:44.6700323Z] [Debug] EventSource=OpenTelemetry-Instrumentation-AspNet-Telemetry, Message=Activity stopped, Id='00-0de39a43ede916519a9b46b38a33b5d7-653f0009f41ec336-01' 
[2026-03-17T15:41:45.9880740Z] [Debug] EventSource=OpenTelemetry-Instrumentation-AspNet-Telemetry, Message=Callback='Application_BeginRequest' 
[2026-03-17T15:41:45.9880740Z] [Debug] EventSource=OpenTelemetry-Sdk, Message=Activity started. Name = 'GET', Id = '00-822dfd6b90be47344cfa639f2b06bdde-33dcf089a004156b-01'. 
[2026-03-17T15:41:45.9880740Z] [Debug] EventSource=OpenTelemetry-Instrumentation-AspNet-Telemetry, Message=Activity started, Id='00-822dfd6b90be47344cfa639f2b06bdde-33dcf089a004156b-01' 
[2026-03-17T15:41:45.9880740Z] [Debug] EventSource=OpenTelemetry-Instrumentation-AspNet-Telemetry, Message=Callback='Application_EndRequest' 
[2026-03-17T15:41:45.9880740Z] [Debug] EventSource=OpenTelemetry-Sdk, Message=Activity stopped. Name = 'GET', Id = '00-822dfd6b90be47344cfa639f2b06bdde-33dcf089a004156b-01'. 
[2026-03-17T15:41:45.9880740Z] [Debug] EventSource=OpenTelemetry-Instrumentation-AspNet-Telemetry, Message=Activity stopped, Id='00-822dfd6b90be47344cfa639f2b06bdde-33dcf089a004156b-01' 
[2026-03-17T15:41:48.6470129Z] [Warning] EventSource=OpenTelemetry-Api, Message=Failed to inject activity context in format: 'TraceContextPropagator', context: 'Invalid context'. 
[2026-03-17T15:41:48.6490117Z] [Information] EventSource=OpenTelemetry-Exporter-OpenTelemetryProtocol, Message=Export succeeded for http://localhost:4318/v1/traces. Message: Export completed successfully. 
[2026-03-17T15:41:49.7157108Z] [Debug] EventSource=OpenTelemetry-Instrumentation-AspNet-Telemetry, Message=Callback='Application_BeginRequest' 
[2026-03-17T15:41:49.7157108Z] [Debug] EventSource=OpenTelemetry-Sdk, Message=Activity started. Name = 'GET', Id = '00-d215577c23a012c7b1dd7e90968e1b52-7664b35ddebb181c-01'. 
[2026-03-17T15:41:49.7157108Z] [Debug] EventSource=OpenTelemetry-Instrumentation-AspNet-Telemetry, Message=Activity started, Id='00-d215577c23a012c7b1dd7e90968e1b52-7664b35ddebb181c-01' 
[2026-03-17T15:41:49.7167092Z] [Debug] EventSource=OpenTelemetry-Instrumentation-AspNet-Telemetry, Message=Callback='Application_EndRequest' 
[2026-03-17T15:41:49.7167092Z] [Debug] EventSource=OpenTelemetry-Sdk, Message=Activity stopped. Name = 'GET', Id = '00-d215577c23a012c7b1dd7e90968e1b52-7664b35ddebb181c-01'. 
[2026-03-17T15:41:49.7167092Z] [Debug] EventSource=OpenTelemetry-Instrumentation-AspNet-Telemetry, Message=Activity stopped, Id='00-d215577c23a012c7b1dd7e90968e1b52-7664b35ddebb181c-01' 
[2026-03-17T15:41:51.0457441Z] [Debug] EventSource=OpenTelemetry-Instrumentation-AspNet-Telemetry, Message=Callback='Application_BeginRequest' 
[2026-03-17T15:41:51.0457441Z] [Debug] EventSource=OpenTelemetry-Sdk, Message=Activity started. Name = 'GET', Id = '00-d7720c5bd86057664de71d4e6a4d877a-1d7bd7afe0b5fe5f-01'. 
[2026-03-17T15:41:51.0467130Z] [Debug] EventSource=OpenTelemetry-Instrumentation-AspNet-Telemetry, Message=Activity started, Id='00-d7720c5bd86057664de71d4e6a4d877a-1d7bd7afe0b5fe5f-01' 
[2026-03-17T15:41:51.0467130Z] [Debug] EventSource=OpenTelemetry-Instrumentation-AspNet-Telemetry, Message=Callback='Application_EndRequest' 
[2026-03-17T15:41:51.0467130Z] [Debug] EventSource=OpenTelemetry-Sdk, Message=Activity stopped. Name = 'GET', Id = '00-d7720c5bd86057664de71d4e6a4d877a-1d7bd7afe0b5fe5f-01'. 
[2026-03-17T15:41:51.0467130Z] [Debug] EventSource=OpenTelemetry-Instrumentation-AspNet-Telemetry, Message=Activity stopped, Id='00-d7720c5bd86057664de71d4e6a4d877a-1d7bd7afe0b5fe5f-01' 
[2026-03-17T15:41:53.6500101Z] [Warning] EventSource=OpenTelemetry-Api, Message=Failed to inject activity context in format: 'TraceContextPropagator', context: 'Invalid context'. 
[2026-03-17T15:41:53.6540097Z] [Information] EventSource=OpenTelemetry-Exporter-OpenTelemetryProtocol, Message=Export succeeded for http://localhost:4318/v1/traces. Message: Export completed successfully. 
[2026-03-17T15:41:54.7390675Z] [Debug] EventSource=OpenTelemetry-Instrumentation-AspNet-Telemetry, Message=Callback='Application_BeginRequest' 
[2026-03-17T15:41:54.7390675Z] [Debug] EventSource=OpenTelemetry-Sdk, Message=Activity started. Name = 'GET', Id = '00-0aef723ef7e93131606ee8225a87b0b7-c93a031ac41745e3-01'. 
[2026-03-17T15:41:54.7390675Z] [Debug] EventSource=OpenTelemetry-Instrumentation-AspNet-Telemetry, Message=Activity started, Id='00-0aef723ef7e93131606ee8225a87b0b7-c93a031ac41745e3-01' 
[2026-03-17T15:41:54.7401428Z] [Debug] EventSource=OpenTelemetry-Instrumentation-AspNet-Telemetry, Message=Callback='Application_EndRequest' 
[2026-03-17T15:41:54.7401428Z] [Debug] EventSource=OpenTelemetry-Sdk, Message=Activity stopped. Name = 'GET', Id = '00-0aef723ef7e93131606ee8225a87b0b7-c93a031ac41745e3-01'. 
[2026-03-17T15:41:54.7401428Z] [Debug] EventSource=OpenTelemetry-Instrumentation-AspNet-Telemetry, Message=Activity stopped, Id='00-0aef723ef7e93131606ee8225a87b0b7-c93a031ac41745e3-01' 
[2026-03-17T15:41:55.9903313Z] [Debug] EventSource=OpenTelemetry-Instrumentation-AspNet-Telemetry, Message=Callback='Application_BeginRequest' 
[2026-03-17T15:41:55.9903313Z] [Debug] EventSource=OpenTelemetry-Sdk, Message=Activity started. Name = 'GET', Id = '00-f38e0288c398247bdeb10f880eff7d16-eb77eb79cafca501-01'. 
[2026-03-17T15:41:55.9903313Z] [Debug] EventSource=OpenTelemetry-Instrumentation-AspNet-Telemetry, Message=Activity started, Id='00-f38e0288c398247bdeb10f880eff7d16-eb77eb79cafca501-01' 
[2026-03-17T15:41:55.9903313Z] [Debug] EventSource=OpenTelemetry-Instrumentation-AspNet-Telemetry, Message=Callback='Application_EndRequest' 
[2026-03-17T15:41:55.9903313Z] [Debug] EventSource=OpenTelemetry-Sdk, Message=Activity stopped. Name = 'GET', Id = '00-f38e0288c398247bdeb10f880eff7d16-eb77eb79cafca501-01'. 
[2026-03-17T15:41:55.9903313Z] [Debug] EventSource=OpenTelemetry-Instrumentation-AspNet-Telemetry, Message=Activity stopped, Id='00-f38e0288c398247bdeb10f880eff7d16-eb77eb79cafca501-01' 
[2026-03-17T15:41:58.6691124Z] [Warning] EventSource=OpenTelemetry-Api, Message=Failed to inject activity context in format: 'TraceContextPropagator', context: 'Invalid context'. 
[2026-03-17T15:41:58.6716851Z] [Information] EventSource=OpenTelemetry-Exporter-OpenTelemetryProtocol, Message=Export succeeded for http://localhost:4318/v1/traces. Message: Export completed successfully. 
[2026-03-17T15:41:59.6712022Z] [Debug] EventSource=OpenTelemetry-Instrumentation-AspNet-Telemetry, Message=Callback='Application_BeginRequest' 
[2026-03-17T15:41:59.6712022Z] [Debug] EventSource=OpenTelemetry-Sdk, Message=Activity started. Name = 'GET', Id = '00-4bdbf21448f5f9d8d9eaf0be745f49b2-d82ed571cdb5ffda-01'. 
[2026-03-17T15:41:59.6712022Z] [Debug] EventSource=OpenTelemetry-Instrumentation-AspNet-Telemetry, Message=Activity started, Id='00-4bdbf21448f5f9d8d9eaf0be745f49b2-d82ed571cdb5ffda-01' 
[2026-03-17T15:41:59.6712022Z] [Debug] EventSource=OpenTelemetry-Instrumentation-AspNet-Telemetry, Message=Callback='Application_EndRequest' 
[2026-03-17T15:41:59.6712022Z] [Debug] EventSource=OpenTelemetry-Sdk, Message=Activity stopped. Name = 'GET', Id = '00-4bdbf21448f5f9d8d9eaf0be745f49b2-d82ed571cdb5ffda-01'. 
[2026-03-17T15:41:59.6712022Z] [Debug] EventSource=OpenTelemetry-Instrumentation-AspNet-Telemetry, Message=Activity stopped, Id='00-4bdbf21448f5f9d8d9eaf0be745f49b2-d82ed571cdb5ffda-01' 
[2026-03-17T15:42:00.9648470Z] [Debug] EventSource=OpenTelemetry-Instrumentation-AspNet-Telemetry, Message=Callback='Application_BeginRequest' 
[2026-03-17T15:42:00.9648470Z] [Debug] EventSource=OpenTelemetry-Sdk, Message=Activity started. Name = 'GET', Id = '00-8d45b0dec83989da228065939fed361b-9de57b3dcd8fa5a2-01'. 
[2026-03-17T15:42:00.9648470Z] [Debug] EventSource=OpenTelemetry-Instrumentation-AspNet-Telemetry, Message=Activity started, Id='00-8d45b0dec83989da228065939fed361b-9de57b3dcd8fa5a2-01' 
[2026-03-17T15:42:00.9648470Z] [Debug] EventSource=OpenTelemetry-Instrumentation-AspNet-Telemetry, Message=Callback='Application_EndRequest' 
[2026-03-17T15:42:00.9648470Z] [Debug] EventSource=OpenTelemetry-Sdk, Message=Activity stopped. Name = 'GET', Id = '00-8d45b0dec83989da228065939fed361b-9de57b3dcd8fa5a2-01'. 
[2026-03-17T15:42:00.9648470Z] [Debug] EventSource=OpenTelemetry-Instrumentation-AspNet-Telemetry, Message=Activity stopped, Id='00-8d45b0dec83989da228065939fed361b-9de57b3dcd8fa5a2-01' 
[2026-03-17T15:42:02.7275509Z] [Debug] EventSource=OpenTelemetry-Sdk, Message=MetricReader event: 'PeriodicExportingMetricReader calling MetricReader.Collect because the export interval has elapsed.' 
[2026-03-17T15:42:02.7275509Z] [Debug] EventSource=OpenTelemetry-Sdk, Message=MetricReader event: 'MetricReader.Collect method called.' 
[2026-03-17T15:42:02.7275509Z] [Debug] EventSource=OpenTelemetry-Sdk, Message=MetricReader event: 'MetricReader.OnCollect called.' 
[2026-03-17T15:42:02.7275509Z] [Debug] EventSource=OpenTelemetry-Sdk, Message=MetricReader event: 'Observable instruments collected.' 
[2026-03-17T15:42:02.7275509Z] [Debug] EventSource=OpenTelemetry-Sdk, Message=MetricReader event: 'ProcessMetrics called.' 
[2026-03-17T15:42:02.7275509Z] [Debug] EventSource=OpenTelemetry-Sdk, Message=MetricReader event: 'BaseExportingMetricReader calling OpenTelemetry.Exporter.OtlpMetricExporter.Export method.' 
[2026-03-17T15:42:02.7275509Z] [Warning] EventSource=OpenTelemetry-Api, Message=Failed to inject activity context in format: 'TraceContextPropagator', context: 'Invalid context'. 
[2026-03-17T15:42:02.7405012Z] [Error] EventSource=OpenTelemetry-Exporter-OpenTelemetryProtocol, Message=HTTP request to http://localhost:4318/v1/metrics failed. Response: . Exception: System.Net.Http.HttpRequestException: Response status code does not indicate success: 404 (Not Found).
   at System.Net.Http.HttpResponseMessage.EnsureSuccessStatusCode()
   at OpenTelemetry.Exporter.OpenTelemetryProtocol.Implementation.ExportClient.OtlpHttpExportClient.SendExportRequest(Byte[] buffer, Int32 contentLength, DateTime deadlineUtc, CancellationToken cancellationToken) 
[2026-03-17T15:42:02.7405012Z] [Debug] EventSource=OpenTelemetry-Sdk, Message=MetricReader event: 'OpenTelemetry.Exporter.OtlpMetricExporter.Export failed.' 
[2026-03-17T15:42:02.7405012Z] [Debug] EventSource=OpenTelemetry-Sdk, Message=MetricReader event: 'ProcessMetrics failed.' 
[2026-03-17T15:42:02.7405012Z] [Debug] EventSource=OpenTelemetry-Sdk, Message=MetricReader event: 'MetricReader.Collect failed.' 
[2026-03-17T15:42:03.6852194Z] [Warning] EventSource=OpenTelemetry-Api, Message=Failed to inject activity context in format: 'TraceContextPropagator', context: 'Invalid context'. 
[2026-03-17T15:42:03.6877035Z] [Information] EventSource=OpenTelemetry-Exporter-OpenTelemetryProtocol, Message=Export succeeded for http://localhost:4318/v1/traces. Message: Export completed successfully. 
[2026-03-17T15:42:04.7424531Z] [Debug] EventSource=OpenTelemetry-Instrumentation-AspNet-Telemetry, Message=Callback='Application_BeginRequest' 
[2026-03-17T15:42:04.7424531Z] [Debug] EventSource=OpenTelemetry-Sdk, Message=Activity started. Name = 'GET', Id = '00-59652096613eec425141bf07b22696df-44b5da3f1eba6625-01'. 
[2026-03-17T15:42:04.7434614Z] [Debug] EventSource=OpenTelemetry-Instrumentation-AspNet-Telemetry, Message=Activity started, Id='00-59652096613eec425141bf07b22696df-44b5da3f1eba6625-01' 
[2026-03-17T15:42:04.7434614Z] [Debug] EventSource=OpenTelemetry-Instrumentation-AspNet-Telemetry, Message=Callback='Application_EndRequest' 
[2026-03-17T15:42:04.7434614Z] [Debug] EventSource=OpenTelemetry-Sdk, Message=Activity stopped. Name = 'GET', Id = '00-59652096613eec425141bf07b22696df-44b5da3f1eba6625-01'. 
[2026-03-17T15:42:04.7434614Z] [Debug] EventSource=OpenTelemetry-Instrumentation-AspNet-Telemetry, Message=Activity stopped, Id='00-59652096613eec425141bf07b22696df-44b5da3f1eba6625-01' 
[2026-03-17T15:42:06.0424035Z] [Debug] EventSource=OpenTelemetry-Instrumentation-AspNet-Telemetry, Message=Callback='Application_BeginRequest' 
[2026-03-17T15:42:06.0424035Z] [Debug] EventSource=OpenTelemetry-Sdk, Message=Activity started. Name = 'GET', Id = '00-29e4841b480027ad9ad81c533adb4372-eb002857a1861d26-01'. 
[2026-03-17T15:42:06.0424035Z] [Debug] EventSource=OpenTelemetry-Instrumentation-AspNet-Telemetry, Message=Activity started, Id='00-29e4841b480027ad9ad81c533adb4372-eb002857a1861d26-01' 
[2026-03-17T15:42:06.0434067Z] [Debug] EventSource=OpenTelemetry-Instrumentation-AspNet-Telemetry, Message=Callback='Application_EndRequest' 
[2026-03-17T15:42:06.0434067Z] [Debug] EventSource=OpenTelemetry-Sdk, Message=Activity stopped. Name = 'GET', Id = '00-29e4841b480027ad9ad81c533adb4372-eb002857a1861d26-01'. 
[2026-03-17T15:42:06.0434067Z] [Debug] EventSource=OpenTelemetry-Instrumentation-AspNet-Telemetry, Message=Activity stopped, Id='00-29e4841b480027ad9ad81c533adb4372-eb002857a1861d26-01' 
[2026-03-17T15:42:06.3297065Z] [Debug] EventSource=OpenTelemetry-Sdk, Message=Activity started. Name = 'AVAFX_General', Id = '00-6b279017cd873a7e94cdc2436ce2cc66-959e1471fc9f40d8-01'. 
[2026-03-17T15:42:06.3297065Z] [Debug] EventSource=OpenTelemetry-Sdk, Message=Activity stopped. Name = 'AVAFX_General', Id = '00-6b279017cd873a7e94cdc2436ce2cc66-959e1471fc9f40d8-01'. 
[2026-03-17T15:42:08.6914892Z] [Warning] EventSource=OpenTelemetry-Api, Message=Failed to inject activity context in format: 'TraceContextPropagator', context: 'Invalid context'. 
[2026-03-17T15:42:08.6941422Z] [Information] EventSource=OpenTelemetry-Exporter-OpenTelemetryProtocol, Message=Export succeeded for http://localhost:4318/v1/traces. Message: Export completed successfully. 
[2026-03-17T15:42:09.7004785Z] [Debug] EventSource=OpenTelemetry-Instrumentation-AspNet-Telemetry, Message=Callback='Application_BeginRequest' 
[2026-03-17T15:42:09.7004785Z] [Debug] EventSource=OpenTelemetry-Sdk, Message=Activity started. Name = 'GET', Id = '00-6a1fff747538e7637c3131bc23103785-8a9c9480fbb0301a-01'. 
[2026-03-17T15:42:09.7004785Z] [Debug] EventSource=OpenTelemetry-Instrumentation-AspNet-Telemetry, Message=Activity started, Id='00-6a1fff747538e7637c3131bc23103785-8a9c9480fbb0301a-01' 
[2026-03-17T15:42:09.7161185Z] [Debug] EventSource=OpenTelemetry-Instrumentation-AspNet-Telemetry, Message=Callback='Application_EndRequest' 
[2026-03-17T15:42:09.7161185Z] [Debug] EventSource=OpenTelemetry-Sdk, Message=Activity stopped. Name = 'GET', Id = '00-6a1fff747538e7637c3131bc23103785-8a9c9480fbb0301a-01'. 
[2026-03-17T15:42:09.7161185Z] [Debug] EventSource=OpenTelemetry-Instrumentation-AspNet-Telemetry, Message=Activity stopped, Id='00-6a1fff747538e7637c3131bc23103785-8a9c9480fbb0301a-01' 
[2026-03-17T15:42:11.0336281Z] [Debug] EventSource=OpenTelemetry-Instrumentation-AspNet-Telemetry, Message=Callback='Application_BeginRequest' 
[2026-03-17T15:42:11.0336281Z] [Debug] EventSource=OpenTelemetry-Sdk, Message=Activity started. Name = 'GET', Id = '00-492892204cee002b0fccd848ae3b3d37-f19508b3933b5e4d-01'. 
[2026-03-17T15:42:11.0336281Z] [Debug] EventSource=OpenTelemetry-Instrumentation-AspNet-Telemetry, Message=Activity started, Id='00-492892204cee002b0fccd848ae3b3d37-f19508b3933b5e4d-01' 
[2026-03-17T15:42:11.0346269Z] [Debug] EventSource=OpenTelemetry-Instrumentation-AspNet-Telemetry, Message=Callback='Application_EndRequest' 
[2026-03-17T15:42:11.0346269Z] [Debug] EventSource=OpenTelemetry-Sdk, Message=Activity stopped. Name = 'GET', Id = '00-492892204cee002b0fccd848ae3b3d37-f19508b3933b5e4d-01'. 
[2026-03-17T15:42:11.0346269Z] [Debug] EventSource=OpenTelemetry-Instrumentation-AspNet-Telemetry, Message=Activity stopped, Id='00-492892204cee002b0fccd848ae3b3d37-f19508b3933b5e4d-01' 
[2026-03-17T15:42:13.7003682Z] [Warning] EventSource=OpenTelemetry-Api, Message=Failed to inject activity context in format: 'TraceContextPropagator', context: 'Invalid context'. 
[2026-03-17T15:42:13.7026345Z] [Information] EventSource=OpenTelemetry-Exporter-OpenTelemetryProtocol, Message=Export succeeded for http://localhost:4318/v1/traces. Message: Export completed successfully. 
[2026-03-17T15:42:14.6820005Z] [Debug] EventSource=OpenTelemetry-Instrumentation-AspNet-Telemetry, Message=Callback='Application_BeginRequest' 
[2026-03-17T15:42:14.6820005Z] [Debug] EventSource=OpenTelemetry-Sdk, Message=Activity started. Name = 'GET', Id = '00-7f4d892768313b97878fdbbd152527f3-c7df29fbd66e14b6-01'. 
[2026-03-17T15:42:14.6820005Z] [Debug] EventSource=OpenTelemetry-Instrumentation-AspNet-Telemetry, Message=Activity started, Id='00-7f4d892768313b97878fdbbd152527f3-c7df29fbd66e14b6-01' 
[2026-03-17T15:42:14.6830024Z] [Debug] EventSource=OpenTelemetry-Instrumentation-AspNet-Telemetry, Message=Callback='Application_EndRequest' 
[2026-03-17T15:42:14.6830024Z] [Debug] EventSource=OpenTelemetry-Sdk, Message=Activity stopped. Name = 'GET', Id = '00-7f4d892768313b97878fdbbd152527f3-c7df29fbd66e14b6-01'. 
[2026-03-17T15:42:14.6830024Z] [Debug] EventSource=OpenTelemetry-Instrumentation-AspNet-Telemetry, Message=Activity stopped, Id='00-7f4d892768313b97878fdbbd152527f3-c7df29fbd66e14b6-01' 
[2026-03-17T15:42:16.0208046Z] [Debug] EventSource=OpenTelemetry-Instrumentation-AspNet-Telemetry, Message=Callback='Application_BeginRequest' 
[2026-03-17T15:42:16.0208046Z] [Debug] EventSource=OpenTelemetry-Sdk, Message=Activity started. Name = 'GET', Id = '00-788ed5160b7f4a6a72ea7ef299984ea0-be36fb528dee0560-01'. 
[2026-03-17T15:42:16.0208046Z] [Debug] EventSource=OpenTelemetry-Instrumentation-AspNet-Telemetry, Message=Activity started, Id='00-788ed5160b7f4a6a72ea7ef299984ea0-be36fb528dee0560-01' 
[2026-03-17T15:42:16.0208046Z] [Debug] EventSource=OpenTelemetry-Instrumentation-AspNet-Telemetry, Message=Callback='Application_EndRequest' 
[2026-03-17T15:42:16.0208046Z] [Debug] EventSource=OpenTelemetry-Sdk, Message=Activity stopped. Name = 'GET', Id = '00-788ed5160b7f4a6a72ea7ef299984ea0-be36fb528dee0560-01'. 
[2026-03-17T15:42:16.0208046Z] [Debug] EventSource=OpenTelemetry-Instrumentation-AspNet-Telemetry, Message=Activity stopped, Id='00-788ed5160b7f4a6a72ea7ef299984ea0-be36fb528dee0560-01' 
[2026-03-17T15:42:18.7133690Z] [Warning] EventSource=OpenTelemetry-Api, Message=Failed to inject activity context in format: 'TraceContextPropagator', context: 'Invalid context'. 
[2026-03-17T15:42:18.7160968Z] [Information] EventSource=OpenTelemetry-Exporter-OpenTelemetryProtocol, Message=Export succeeded for http://localhost:4318/v1/traces. Message: Export completed successfully. 
[2026-03-17T15:42:19.6560597Z] [Debug] EventSource=OpenTelemetry-Instrumentation-AspNet-Telemetry, Message=Callback='Application_BeginRequest' 
[2026-03-17T15:42:19.6560597Z] [Debug] EventSource=OpenTelemetry-Sdk, Message=Activity started. Name = 'GET', Id = '00-60685ede30df58963710e3f289125680-c78fd2a06e95259e-01'. 
[2026-03-17T15:42:19.6560597Z] [Debug] EventSource=OpenTelemetry-Instrumentation-AspNet-Telemetry, Message=Activity started, Id='00-60685ede30df58963710e3f289125680-c78fd2a06e95259e-01' 
[2026-03-17T15:42:19.6560597Z] [Debug] EventSource=OpenTelemetry-Instrumentation-AspNet-Telemetry, Message=Callback='Application_EndRequest' 
[2026-03-17T15:42:19.6560597Z] [Debug] EventSource=OpenTelemetry-Sdk, Message=Activity stopped. Name = 'GET', Id = '00-60685ede30df58963710e3f289125680-c78fd2a06e95259e-01'. 
[2026-03-17T15:42:19.6560597Z] [Debug] EventSource=OpenTelemetry-Instrumentation-AspNet-Telemetry, Message=Activity stopped, Id='00-60685ede30df58963710e3f289125680-c78fd2a06e95259e-01' 
[2026-03-17T15:42:21.0036578Z] [Debug] EventSource=OpenTelemetry-Instrumentation-AspNet-Telemetry, Message=Callback='Application_BeginRequest' 
[2026-03-17T15:42:21.0036578Z] [Debug] EventSource=OpenTelemetry-Sdk, Message=Activity started. Name = 'GET', Id = '00-8162bc4d150000b9dd4fcf2cbe176264-4e2174b6ffc40aaa-01'. 
[2026-03-17T15:42:21.0036578Z] [Debug] EventSource=OpenTelemetry-Instrumentation-AspNet-Telemetry, Message=Activity started, Id='00-8162bc4d150000b9dd4fcf2cbe176264-4e2174b6ffc40aaa-01' 
[2026-03-17T15:42:21.0036578Z] [Debug] EventSource=OpenTelemetry-Instrumentation-AspNet-Telemetry, Message=Callback='Application_EndRequest' 
[2026-03-17T15:42:21.0036578Z] [Debug] EventSource=OpenTelemetry-Sdk, Message=Activity stopped. Name = 'GET', Id = '00-8162bc4d150000b9dd4fcf2cbe176264-4e2174b6ffc40aaa-01'. 
[2026-03-17T15:42:21.0036578Z] [Debug] EventSource=OpenTelemetry-Instrumentation-AspNet-Telemetry, Message=Activity stopped, Id='00-8162bc4d150000b9dd4fcf2cbe176264-4e2174b6ffc40aaa-01' 
[2026-03-17T15:42:23.7211814Z] [Warning] EventSource=OpenTelemetry-Api, Message=Failed to inject activity context in format: 'TraceContextPropagator', context: 'Invalid context'. 
[2026-03-17T15:42:23.7239589Z] [Information] EventSource=OpenTelemetry-Exporter-OpenTelemetryProtocol, Message=Export succeeded for http://localhost:4318/v1/traces. Message: Export completed successfully. 
[2026-03-17T15:42:24.6653665Z] [Debug] EventSource=OpenTelemetry-Instrumentation-AspNet-Telemetry, Message=Callback='Application_BeginRequest' 
[2026-03-17T15:42:24.6653665Z] [Debug] EventSource=OpenTelemetry-Sdk, Message=Activity started. Name = 'GET', Id = '00-be0341a190e2d42d91ec3ea75074f5a4-e4c670c7ef93db69-01'. 
[2026-03-17T15:42:24.6653665Z] [Debug] EventSource=OpenTelemetry-Instrumentation-AspNet-Telemetry, Message=Activity started, Id='00-be0341a190e2d42d91ec3ea75074f5a4-e4c670c7ef93db69-01' 
[2026-03-17T15:42:24.6663826Z] [Debug] EventSource=OpenTelemetry-Instrumentation-AspNet-Telemetry, Message=Callback='Application_EndRequest' 
[2026-03-17T15:42:24.6663826Z] [Debug] EventSource=OpenTelemetry-Sdk, Message=Activity stopped. Name = 'GET', Id = '00-be0341a190e2d42d91ec3ea75074f5a4-e4c670c7ef93db69-01'. 
[2026-03-17T15:42:24.6663826Z] [Debug] EventSource=OpenTelemetry-Instrumentation-AspNet-Telemetry, Message=Activity stopped, Id='00-be0341a190e2d42d91ec3ea75074f5a4-e4c670c7ef93db69-01' 
[2026-03-17T15:42:26.0354973Z] [Debug] EventSource=OpenTelemetry-Instrumentation-AspNet-Telemetry, Message=Callback='Application_BeginRequest' 
[2026-03-17T15:42:26.0354973Z] [Debug] EventSource=OpenTelemetry-Sdk, Message=Activity started. Name = 'GET', Id = '00-e9445c8ca998effaf776a1f70ec8f5ff-118c518c1adffac7-01'. 
[2026-03-17T15:42:26.0354973Z] [Debug] EventSource=OpenTelemetry-Instrumentation-AspNet-Telemetry, Message=Activity started, Id='00-e9445c8ca998effaf776a1f70ec8f5ff-118c518c1adffac7-01' 
[2026-03-17T15:42:26.0364985Z] [Debug] EventSource=OpenTelemetry-Instrumentation-AspNet-Telemetry, Message=Callback='Application_EndRequest' 
[2026-03-17T15:42:26.0364985Z] [Debug] EventSource=OpenTelemetry-Sdk, Message=Activity stopped. Name = 'GET', Id = '00-e9445c8ca998effaf776a1f70ec8f5ff-118c518c1adffac7-01'. 
[2026-03-17T15:42:26.0364985Z] [Debug] EventSource=OpenTelemetry-Instrumentation-AspNet-Telemetry, Message=Activity stopped, Id='00-e9445c8ca998effaf776a1f70ec8f5ff-118c518c1adffac7-01' 
[2026-03-17T15:42:28.7329502Z] [Warning] EventSource=OpenTelemetry-Api, Message=Failed to inject activity context in format: 'TraceContextPropagator', context: 'Invalid context'. 
[2026-03-17T15:42:28.7357119Z] [Information] EventSource=OpenTelemetry-Exporter-OpenTelemetryProtocol, Message=Export succeeded for http://localhost:4318/v1/traces. Message: Export completed successfully. 
